AccountNo	BetDate	ClassId	CategoryId	Source	BetCount	Bet_Amt	Win_Amt
01196ZZ   	24/11/2012	22512_XFER	22512	I	189	29364.00000	28947.00000
00357DG   	27/11/2012	22512_XFER	22512	I	1415	19835.00000	18639.15000
00357DG   	24/11/2012	22512_XFER	22512	I	2026	19280.80000	17904.50000
01196ZZ   	19/12/2012	22512_XFER	22512	I	151	17301.00000	16956.00000
01284UW   	21/10/2012	46	5	I	25	16850.00000	3319.11000
00357DG   	26/11/2012	22512_XFER	22512	I	1859	16078.50000	12299.52000
00357DG   	17/11/2012	22512_XFER	22512	I	1469	15204.00000	14758.80000
00357DG   	30/11/2012	22512_XFER	22512	I	920	15000.00000	10169.80000
01284UW   	14/10/2012	46	5	I	25	13700.00000	10781.59000
01284UW   	16/10/2012	36	5	I	16	13655.00000	20945.93000
01284UW   	3/11/2012	46	5	I	87	13405.14000	3500.00000
01284UW   	10/10/2012	274	5	I	17	12370.00000	0.00000
00357DG   	15/11/2012	22512_XFER	22512	I	1152	12133.00000	11300.90000
00357DG   	28/11/2012	22512_XFER	22512	I	507	11614.00000	8729.60000
00357DG   	5/12/2012	22512_XFER	22512	I	557	11176.00000	9751.60000
01196ZZ   	15/12/2012	22512_XFER	22512	I	167	10896.00000	10410.00000
01284UW   	1/11/2012	46	5	I	34	10674.28000	12210.00000
01196ZZ   	28/11/2012	22512_XFER	22512	I	106	10011.00000	8736.00000
01148BP   	17/9/2012	2	9	I	30	9800.00000	8200.00000
01148BP   	17/11/2012	2	9	I	28	9252.50000	15353.75000
00357DG   	14/11/2012	22512_XFER	22512	I	1201	9154.20000	7138.30000
01148BP   	9/10/2012	2	9	I	33	9108.33000	14245.83000
01196ZZ   	8/12/2012	22512_XFER	22512	I	90	8815.50000	8595.00000
00357DG   	23/11/2012	22512_XFER	22512	I	998	8534.00000	7082.00000
00357DG   	12/11/2012	613	0	I	988	8472.60000	8829.20000
01148BP   	10/12/2012	2	9	I	22	7687.50000	6587.50000
01148BP   	18/10/2012	2	9	I	17	7625.00000	4925.00000
01148BP   	7/11/2012	2	9	I	18	7493.75000	1593.75000
00497XG   	27/12/2012	601	0	I	1190	7450.20000	6870.91000
01148BP   	21/10/2012	2	9	I	17	7450.00000	2150.00000
01284UW   	11/10/2012	36	5	I	8	7150.00000	0.00000
00357DG   	19/11/2012	22512_XFER	22512	I	1007	6918.00000	3831.35000
01284UW   	14/10/2012	274	5	I	9	6550.00000	6453.33000
00357DG   	12/11/2012	22512_XFER	22512	I	1042	6538.00000	5236.30000
00357DG   	20/11/2012	22512_XFER	22512	I	711	6529.00000	3679.25000
01148BP   	24/10/2012	2	9	I	18	6015.63000	8737.52000
01148BP   	2/10/2012	2	9	I	20	5915.65000	5203.15000
01148BP   	28/9/2012	2	9	I	19	5887.50000	7300.00000
01148BP   	17/10/2012	2	9	I	19	5800.00000	6605.00000
01148BP   	27/11/2012	22512_XFER	22512	I	68	5760.00000	6030.00000
00357DG   	8/11/2012	22512_XFER	22512	I	1482	5652.40000	3412.60000
01148BP   	5/12/2012	2	9	I	17	5600.00000	4200.00000
01148BP   	16/9/2012	2	9	I	21	5560.18000	5726.25000
01152SJ   	1/12/2012	22528_PRCH	22528	I	3	5451.30130	0.00000
01148BP   	1/12/2012	2	9	I	15	5350.00000	7350.00000
01148BP   	9/12/2012	2	9	I	14	5293.75000	5393.75000
01284UW   	31/10/2012	1	5	I	35	5290.00000	5720.00000
01148BP   	20/9/2012	2	9	I	17	5250.00000	5550.00000
01148BP   	25/10/2012	2	9	I	16	5219.59000	6857.42000
00357DG   	29/11/2012	22512_XFER	22512	I	323	5018.00000	2367.30000
01148BP   	3/10/2012	2	9	I	21	4987.50000	1975.00000
01196ZZ   	20/10/2012	3	8	I	25	4585.00000	3448.75000
01148BP   	19/11/2012	2	9	I	15	4491.15000	4925.00000
01148BP   	6/11/2012	2	9	I	11	4462.50000	6487.50000
01148BP   	14/9/2012	2	9	I	17	4460.00000	9228.13000
01148BP   	1/11/2012	2	9	I	10	4390.00000	840.00000
01148BP   	20/11/2012	2	9	I	11	4300.00000	1550.00000
01196ZZ   	29/9/2012	2	9	I	20	4290.00000	1825.00000
01196ZZ   	13/12/2012	22512_XFER	22512	I	39	4265.00000	5940.00000
01148BP   	11/12/2012	2	9	I	11	4240.00000	1840.00000
01148BP   	2/11/2012	2	9	I	8	4237.50000	5387.50000
01152SJ   	17/10/2012	22527_PRCH	22527	I	6	4234.64940	0.00000
00357DG   	6/11/2012	22512_XFER	22512	I	1056	4113.00000	3992.20000
01148BP   	16/11/2012	2	9	I	11	4106.25000	6156.25000
01148BP   	26/10/2012	2	9	I	12	4062.50000	3187.50000
00497XG   	24/12/2012	638	0	I	1797	4031.29000	3325.75000
01148BP   	8/11/2012	2	9	I	14	4020.31000	4564.06000
00497XG   	25/12/2012	638	0	I	1198	3938.31000	2457.30000
01148BP   	11/9/2012	2	9	I	15	3825.00000	4625.00000
01148BP   	27/10/2012	2	9	I	14	3802.50000	3302.50000
01148BP   	19/10/2012	2	9	I	9	3800.00000	7237.50000
01284UW   	20/10/2012	1	5	I	7	3780.00000	0.00000
01148BP   	23/11/2012	2	9	I	10	3681.25000	5431.25000
01196ZZ   	23/12/2012	22512_XFER	22512	I	38	3660.00000	3510.00000
01148BP   	9/11/2012	2	9	I	10	3643.75000	2800.00000
01148BP   	27/9/2012	2	9	I	12	3638.00000	6000.00000
01148BP   	10/10/2012	2	9	I	10	3595.45000	1495.45000
01284UW   	10/10/2012	36	5	I	9	3550.00000	0.00000
01152SJ   	3/12/2012	22528_PRCH	22528	I	2	3497.37700	0.00000
01148BP   	1/9/2012	2	9	N	6	3470.00000	1320.00000
01152SJ   	1/12/2012	22527_PRCH	22527	I	2	3370.38640	0.00000
01284UW   	31/10/2012	46	5	I	36	3315.00000	960.00000
00357DG   	22/11/2012	22512_XFER	22512	I	340	3310.00000	2005.00000
00497XG   	27/12/2012	638	0	I	1230	3295.93000	2748.83000
01148BP   	12/12/2012	2	9	I	11	3275.00000	2275.00000
00357DG   	10/11/2012	22512_XFER	22512	I	826	3192.00000	2335.00000
01284UW   	12/10/2012	36	5	I	12	3180.00000	25348.33000
00357DG   	5/11/2012	22512_XFER	22512	I	709	3158.00000	3208.10000
01148BP   	8/12/2012	2	9	M	11	3150.00000	5100.00000
01284UW   	30/10/2012	46	5	I	25	3145.00000	2380.00000
01148BP   	20/11/2012	3	8	I	8	3137.50000	1687.50000
01148BP   	3/12/2012	2	9	I	7	2860.00000	3293.75000
01148BP   	31/10/2012	2	9	I	7	2800.00000	3000.00000
01196ZZ   	23/10/2012	2	9	I	11	2760.00000	2000.00000
00497XG   	26/12/2012	638	0	I	986	2742.50000	1674.60000
01148BP   	7/12/2012	2	9	M	7	2700.00000	4950.00000
01284UW   	14/10/2012	36	5	I	7	2700.00000	0.00000
01196ZZ   	23/9/2012	2	9	I	14	2650.00000	1800.00000
01284UW   	15/10/2012	36	5	I	6	2600.00000	0.00000
01148BP   	21/9/2012	2	9	I	8	2550.00000	1550.00000
01148BP   	15/10/2012	2	9	I	8	2540.00000	1877.50000
01148BP   	20/10/2012	2	9	N	7	2536.72000	4839.22000
01148BP   	5/9/2012	2	9	I	13	2525.00000	3065.63000
01148BP   	19/11/2012	3	8	I	7	2500.00000	3200.00000
01284UW   	21/10/2012	274	5	I	2	2500.00000	0.00000
00357DG   	9/11/2012	22512_XFER	22512	I	619	2428.00000	2557.60000
01148BP   	16/10/2012	2	9	I	7	2393.75000	7331.25000
01152SJ   	25/10/2012	22528_PRCH	22528	I	2	2377.08000	0.00000
01152SJ   	14/10/2012	22528_PRCH	22528	I	2	2365.01210	0.00000
01152SJ   	25/10/2012	22527_PRCH	22527	I	2	2313.74330	0.00000
01148BP   	19/12/2012	2	9	I	8	2275.00000	1525.00000
01196ZZ   	19/11/2012	2	9	I	13	2223.00000	1848.73000
01148BP   	29/9/2012	2	9	M	5	2200.00000	900.00000
01152SJ   	16/10/2012	22527_PRCH	22527	I	5	2177.56490	0.00000
01148BP   	30/11/2012	2	9	I	7	2162.50000	3912.50000
01152SJ   	16/10/2012	22528_PRCH	22528	I	1	2115.34870	0.00000
01196ZZ   	17/10/2012	2	9	I	14	2112.00000	557.05000
01196ZZ   	8/12/2012	2	9	I	16	2030.00000	3475.50000
01148BP   	26/11/2012	2	9	I	7	2020.00000	3820.00000
01148BP   	18/9/2012	2	9	I	6	2008.00000	0.00000
01148BP   	23/10/2012	2	9	I	5	2000.00000	0.00000
01148BP   	13/11/2012	2	9	I	7	2000.00000	1837.50000
01284UW   	2/11/2012	46	5	I	11	1985.00000	2325.56000
01284UW   	30/10/2012	1	5	I	14	1980.00000	2800.00000
01152SJ   	8/9/2012	22527_PRCH	22527	I	2	1948.20580	0.00000
01148BP   	12/9/2012	2	9	I	9	1900.00000	3300.00000
01152SJ   	3/12/2012	22527_PRCH	22527	I	1	1873.59480	0.00000
01152SJ   	9/12/2012	22528_PRCH	22528	I	2	1870.44080	0.00000
01152SJ   	28/12/2012	22527_PRCH	22527	I	1	1859.67640	0.00000
01148BP   	10/11/2012	2	9	I	7	1850.00000	2400.00000
00357DG   	13/11/2012	22512_XFER	22512	I	242	1835.00000	1662.50000
01148BP   	22/10/2012	2	9	I	7	1812.50000	562.50000
01148BP   	1/10/2012	2	9	I	5	1800.00000	3125.00000
01196ZZ   	20/11/2012	2	9	I	5	1800.00000	0.00000
01152SJ   	19/10/2012	22527_PRCH	22527	I	6	1796.44440	0.00000
01152SJ   	9/9/2012	22528_PRCH	22528	I	4	1785.26680	0.00000
01196ZZ   	17/11/2012	2	9	I	9	1770.00000	4270.50000
01152SJ   	17/10/2012	22528_PRCH	22528	I	1	1743.67920	0.00000
01148BP   	29/10/2012	2	9	I	6	1737.50000	1806.25000
01152SJ   	20/10/2012	22527_PRCH	22527	I	6	1705.97730	0.00000
01148BP   	15/9/2012	2	9	I	8	1700.13000	0.00000
01148BP   	11/10/2012	2	9	I	6	1700.00000	0.00000
01284UW   	20/10/2012	46	5	I	7	1700.00000	0.00000
01148BP   	17/10/2012	2	9	N	4	1680.00000	0.00000
01152SJ   	9/12/2012	22527_PRCH	22527	I	2	1644.74090	0.00000
00357DG   	12/11/2012	612	0	I	351	1640.00000	1325.25000
01148BP   	15/9/2012	2	9	M	5	1640.00000	1640.00000
01148BP   	2/12/2012	2	9	I	5	1600.00000	2450.00000
01148BP   	18/10/2012	3	8	I	4	1595.00000	2745.00000
00357DG   	2/11/2012	22512_XFER	22512	I	437	1580.00000	1337.10000
01152SJ   	30/11/2012	22527_PRCH	22527	I	1	1562.01190	0.00000
01152SJ   	15/10/2012	22527_PRCH	22527	I	2	1557.76770	0.00000
01284UW   	23/12/2012	46	5	I	33	1554.00000	1369.69000
01148BP   	22/9/2012	2	9	I	5	1550.00000	0.00000
01148BP   	3/11/2012	2	9	I	3	1550.00000	0.00000
00497XG   	30/12/2012	638	0	I	617	1540.05000	1295.26000
01152SJ   	1/9/2012	22528_PRCH	22528	I	3	1516.77940	0.00000
00C017    	23/11/2012	22527_PRCH	22527	I	4	1500.00000	0.00000
01148BP   	23/11/2012	2	9	N	4	1500.00000	900.00000
01152SJ   	4/10/2012	22528_PRCH	22528	I	3	1479.40540	0.00000
01148BP   	7/9/2012	2	9	I	4	1450.00000	0.00000
01148BP   	7/12/2012	2	9	N	2	1450.00000	2200.00000
01152SJ   	2/12/2012	22527_PRCH	22527	I	1	1436.99680	0.00000
01196ZZ   	17/11/2012	3	8	I	9	1414.00000	550.00000
01196ZZ   	24/11/2012	2	9	I	12	1412.00000	406.50000
01148BP   	18/11/2012	2	9	I	5	1408.13000	1556.88000
01148BP   	6/9/2012	2	9	I	4	1400.00000	0.00000
01196ZZ   	17/12/2012	22512_XFER	22512	I	16	1400.00000	900.00000
01152SJ   	10/12/2012	22528_PRCH	22528	I	1	1355.73150	0.00000
01196ZZ   	15/10/2012	2	9	I	5	1348.00000	3773.25000
01148BP   	21/11/2012	2	9	I	3	1337.50000	900.00000
01148BP   	20/10/2012	2	9	I	5	1315.00000	1275.00000
01152SJ   	8/12/2012	22527_PRCH	22527	I	1	1309.98260	0.00000
01152SJ   	18/10/2012	22528_PRCH	22528	I	5	1306.15790	0.00000
01148BP   	5/12/2012	2	9	N	3	1300.00000	3600.00000
01148BP   	1/10/2012	2	9	N	4	1275.00000	550.00000
01148BP   	26/11/2012	22512_XFER	22512	I	25	1270.00000	1200.00000
01152SJ   	14/10/2012	22527_PRCH	22527	I	2	1261.13220	0.00000
01148BP   	5/10/2012	2	9	I	9	1250.00000	650.00000
00C017    	21/12/2012	22527_PRCH	22527	I	5	1230.00000	0.00000
01196ZZ   	23/10/2012	22512_XFER	22512	I	613	1225.60000	901.10000
01148BP   	27/10/2012	2	9	M	3	1225.00000	0.00000
00J381    	6/12/2012	2	9	M	7	1200.00000	500.00000
01148BP   	24/11/2012	2	9	I	4	1200.00000	0.00000
01196ZZ   	17/10/2012	3	8	I	10	1200.00000	1425.00000
01196ZZ   	16/11/2012	2	9	I	3	1200.00000	0.00000
01284UW   	11/10/2012	46	5	I	1	1200.00000	0.00000
01152SJ   	7/12/2012	22528_PRCH	22528	I	1	1181.14640	0.00000
00497XG   	31/12/2012	638	0	I	817	1180.12000	590.33000
00J381    	3/10/2012	2	9	M	9	1165.00000	1725.00000
01148BP   	23/11/2012	2	9	M	4	1150.00000	1000.00000
00357DG   	15/11/2012	635	0	I	204	1134.00000	918.50000
01148BP   	25/10/2012	2	9	N	3	1132.42000	0.00000
00497XG   	31/12/2012	601	0	I	256	1130.80000	912.28000
01196ZZ   	23/10/2012	3	8	I	5	1130.00000	1350.00000
01148BP   	8/9/2012	2	9	I	7	1125.00000	525.00000
01284UW   	4/11/2012	46	5	I	41	1125.00000	996.00000
01152SJ   	4/12/2012	22527_PRCH	22527	I	13	1121.03440	0.00000
01152SJ   	4/11/2012	22527_PRCH	22527	I	9	1119.26370	0.00000
00357DG   	13/11/2012	613	0	I	182	1114.75000	649.15000
01152SJ   	4/12/2012	22528_PRCH	22528	I	5	1105.42110	0.00000
01152SJ   	13/10/2012	22528_PRCH	22528	I	1	1060.97480	0.00000
01152SJ   	5/11/2012	22528_PRCH	22528	I	1	1060.84240	0.00000
01196ZZ   	20/10/2012	2	9	I	7	1050.00000	0.00000
01196ZZ   	15/10/2012	3	8	I	6	1047.00000	700.00000
01284UW   	22/10/2012	46	5	I	3	1030.00000	0.00000
01284UW   	23/10/2012	275	5	I	6	1025.00000	0.00000
01152SJ   	18/10/2012	22527_PRCH	22527	I	3	1024.35830	0.00000
00J381    	30/9/2012	2	9	M	6	1015.78000	3547.10000
01152SJ   	26/12/2012	22528_PRCH	22528	I	2	1013.61390	0.00000
01148BP   	12/10/2012	2	9	I	5	1006.25000	506.25000
01152SJ   	9/9/2012	22527_PRCH	22527	I	1	1002.25510	0.00000
01148BP   	28/9/2012	2	9	M	2	1000.00000	0.00000
01148BP   	27/11/2012	2	9	I	3	1000.00000	0.00000
01148BP   	12/12/2012	2	9	N	1	1000.00000	0.00000
01148BP   	26/12/2012	2	9	N	2	1000.00000	0.00000
01196ZZ   	23/9/2012	3	8	I	6	1000.00000	2850.00000
01284UW   	19/10/2012	46	5	I	2	1000.00000	0.00000
01196ZZ   	27/10/2012	2	9	I	19	977.00000	563.00000
00C017    	29/12/2012	22527_PRCH	22527	I	4	950.00000	0.00000
01196ZZ   	6/12/2012	22512_XFER	22512	I	12	950.00000	1440.00000
01152SJ   	14/9/2012	22528_PRCH	22528	I	10	933.80980	0.00000
01148BP   	30/10/2012	2	9	I	4	912.50000	3143.75000
00357DG   	20/11/2012	635	0	I	178	907.00000	681.80000
00C017    	30/11/2012	22527_PRCH	22527	I	7	900.00000	0.00000
00J381    	16/9/2012	2	9	M	4	900.00000	900.00000
01148BP   	18/10/2012	2	9	N	3	900.00000	1050.00000
01148BP   	21/10/2012	2	9	M	2	900.00000	0.00000
01148BP   	4/12/2012	2	9	M	3	900.00000	750.00000
01152SJ   	7/12/2012	22527_PRCH	22527	I	1	870.02420	0.00000
00C017    	25/11/2012	22527_PRCH	22527	I	2	870.00000	0.00000
00J381    	28/9/2012	2	9	M	6	863.13000	0.00000
01152SJ   	26/9/2012	22528_PRCH	22528	I	3	859.75090	0.00000
00J381    	28/12/2012	323	9	M	3	856.25000	0.00000
00C017    	28/11/2012	22527_PRCH	22527	I	3	855.00000	0.00000
01284UW   	22/12/2012	1	5	I	53	840.00000	376.79000
01148BP   	14/11/2012	2	9	I	4	837.50000	0.00000
01148BP   	28/9/2012	2	9	N	2	825.00000	1312.50000
01152SJ   	30/12/2012	22527_PRCH	22527	I	2	824.85740	0.00000
01148BP   	14/9/2012	2	9	M	2	818.00000	0.00000
01196ZZ   	24/9/2012	22512_XFER	22512	I	408	814.80000	689.00000
01284UW   	31/10/2012	36	5	I	5	810.00000	0.00000
01152SJ   	27/12/2012	22527_PRCH	22527	I	1	806.06170	0.00000
00C017    	24/11/2012	22527_PRCH	22527	I	3	800.00000	0.00000
00C017    	15/12/2012	22527_PRCH	22527	I	3	800.00000	0.00000
00J381    	9/9/2012	2	9	N	4	800.00000	1127.38000
01148BP   	24/11/2012	2	9	N	2	800.00000	0.00000
01148BP   	30/11/2012	2	9	M	2	800.00000	1150.00000
00357DG   	14/11/2012	635	0	I	131	785.50000	575.95000
01284UW   	2/12/2012	46	5	I	23	784.50000	635.85000
00J381    	27/12/2012	323	9	M	3	780.00000	1056.25000
01196ZZ   	29/9/2012	3	8	I	7	775.00000	0.00000
01152SJ   	26/9/2012	22527_PRCH	22527	I	15	770.93840	0.00000
01152SJ   	6/12/2012	22528_PRCH	22528	I	1	756.38080	0.00000
00J381    	15/9/2012	323	9	M	3	751.65000	748.87000
01148BP   	21/9/2012	2	9	N	2	750.00000	0.00000
01148BP   	15/12/2012	2	9	I	2	750.00000	0.00000
01148BP   	20/12/2012	2	9	I	3	750.00000	0.00000
01284UW   	2/12/2012	273	3	I	6	750.00000	925.00000
01284UW   	23/12/2012	1	5	I	21	731.00000	685.33000
00J381    	9/11/2012	323	9	M	5	730.00000	813.75000
00C017    	10/9/2012	22508_STKE	22508	I	131	724.80000	0.00000
00C017    	1/12/2012	22527_PRCH	22527	I	2	700.00000	0.00000
00J381    	17/9/2012	2	9	M	4	700.00000	900.00000
00J381    	10/11/2012	2	9	M	5	700.00000	1200.00000
01148BP   	13/9/2012	2	9	I	3	700.00000	0.00000
01148BP   	4/11/2012	2	9	I	3	700.00000	475.00000
01148BP   	16/11/2012	2	9	M	2	700.00000	1300.00000
01152SJ   	4/9/2012	22528_PRCH	22528	I	3	698.97900	0.00000
01148BP   	5/9/2012	2	9	N	2	690.63000	0.00000
00C017    	7/12/2012	22527_PRCH	22527	I	6	680.00000	0.00000
00C017    	14/12/2012	22527_PRCH	22527	I	4	680.00000	0.00000
01284UW   	22/12/2012	46	5	I	29	676.00000	816.00000
01284UW   	30/11/2012	273	3	I	17	675.00000	1018.12000
01152SJ   	13/12/2012	22527_PRCH	22527	I	9	671.30760	0.00000
00J381    	13/11/2012	2	9	M	4	664.38000	800.00000
01152SJ   	11/12/2012	22527_PRCH	22527	I	4	662.28250	0.00000
01152SJ   	12/9/2012	22528_PRCH	22528	I	6	656.29100	0.00000
00J381    	28/12/2012	2	9	M	3	656.24000	756.25000
00357DG   	16/11/2012	22512_XFER	22512	I	92	656.00000	304.70000
00C017    	28/9/2012	22508_STKE	22508	I	48	656.00000	0.00000
00C017    	14/9/2012	22527_PRCH	22527	I	3	650.00000	0.00000
00J381    	22/9/2012	2	9	M	5	650.00000	866.00000
00J381    	11/10/2012	323	9	M	3	650.00000	0.00000
01148BP   	19/11/2012	2	9	M	2	650.00000	0.00000
01284UW   	12/10/2012	1	5	I	2	650.00000	0.00000
01152SJ   	4/9/2012	22527_PRCH	22527	I	1	630.27860	0.00000
01196ZZ   	20/12/2012	22512_XFER	22512	I	5	630.00000	180.00000
00J381    	7/10/2012	2	9	M	3	626.00000	352.00000
00357DG   	12/10/2012	22512_XFER	22512	I	294	625.00000	946.90000
00C017    	21/9/2012	22527_PRCH	22527	I	3	625.00000	0.00000
01152SJ   	22/10/2012	22528_PRCH	22528	I	4	624.80480	0.00000
01152SJ   	23/10/2012	22528_PRCH	22528	I	4	624.80480	0.00000
01152SJ   	28/11/2012	22528_PRCH	22528	I	1	624.18080	0.00000
01152SJ   	27/10/2012	22528_PRCH	22528	I	1	623.60140	0.00000
01152SJ   	1/10/2012	22527_PRCH	22527	I	1	620.09030	0.00000
00357DG   	17/11/2012	638	0	I	133	602.00000	548.10000
01148BP   	4/9/2012	2	9	I	2	600.00000	0.00000
01148BP   	19/10/2012	2	9	N	1	600.00000	0.00000
01148BP   	11/11/2012	2	9	I	2	600.00000	600.00000
01148BP   	29/11/2012	2	9	I	3	600.00000	1500.00000
01196ZZ   	28/11/2012	3	8	I	3	600.00000	0.00000
00775SM   	7/10/2012	22508_STKE	22508	I	569	587.20000	0.00000
01152SJ   	6/9/2012	22528_PRCH	22528	I	3	586.71700	0.00000
00J381    	2/10/2012	2	9	M	4	580.00000	0.00000
00J381    	7/10/2012	46	5	M	7	575.00000	0.00000
00C017    	12/10/2012	22527_PRCH	22527	I	2	570.00000	0.00000
00357DG   	26/11/2012	635	0	I	76	564.00000	347.90000
01152SJ   	11/10/2012	22528_PRCH	22528	I	4	561.79770	0.00000
01152SJ   	28/11/2012	22527_PRCH	22527	I	1	561.76270	0.00000
00C017    	18/11/2012	22527_PRCH	22527	I	2	560.00000	0.00000
00J381    	9/12/2012	323	9	M	2	560.00000	0.00000
01284UW   	25/10/2012	275	5	I	11	560.00000	441.63000
01152SJ   	30/9/2012	22528_PRCH	22528	I	6	555.34970	0.00000
00J381    	2/10/2012	42	4	M	2	550.00000	484.62000
01196ZZ   	17/11/2012	1	5	I	7	550.00000	109.15000
00C017    	16/11/2012	22527_PRCH	22527	I	2	545.00000	0.00000
00J381    	14/9/2012	2	9	M	3	540.00000	866.67000
00J381    	30/9/2012	46	5	M	6	540.00000	1120.00000
00J381    	2/10/2012	275	5	M	7	540.00000	780.00000
01148BP   	3/12/2012	2	9	N	1	538.75000	0.00000
00J381    	23/9/2012	42	4	M	3	536.75000	0.00000
01196ZZ   	15/12/2012	2	9	I	6	536.00000	572.00000
00C017    	2/12/2012	22508_STKE	22508	I	56	531.90000	0.00000
00J381    	23/9/2012	1	5	M	10	520.00000	600.00000
00J381    	17/10/2012	2	9	M	3	520.00000	525.00000
00J381    	28/11/2012	2	9	M	3	520.00000	0.00000
00J381    	19/9/2012	323	9	M	3	510.75000	0.00000
01284UW   	10/10/2012	1	5	I	4	510.00000	0.00000
01152SJ   	5/9/2012	22527_PRCH	22527	I	4	503.84160	0.00000
00J381    	1/10/2012	42	4	M	2	502.10000	414.72000
00J381    	5/12/2012	275	5	N	3	500.25000	674.07000
00C017    	7/9/2012	22527_PRCH	22527	I	2	500.00000	0.00000
00C017    	5/10/2012	22527_PRCH	22527	I	3	500.00000	0.00000
00C017    	9/11/2012	22527_PRCH	22527	I	2	500.00000	0.00000
00C017    	20/11/2012	22527_PRCH	22527	I	2	500.00000	0.00000
00J381    	26/12/2012	323	9	M	3	500.00000	1519.38000
01148BP   	3/9/2012	2	9	I	2	500.00000	0.00000
01148BP   	6/9/2012	2	9	N	2	500.00000	0.00000
01148BP   	13/9/2012		0	N	1	500.00000	500.00000
01148BP   	13/9/2012	2	9	N	1	500.00000	850.00000
01148BP   	16/9/2012	2	9	M	1	500.00000	954.55000
01148BP   	25/9/2012	2	9	I	3	500.00000	0.00000
01148BP   	1/10/2012	2	9	M	1	500.00000	1400.00000
01148BP   	13/10/2012	2	9	I	2	500.00000	0.00000
01148BP   	23/10/2012	2	9	N	1	500.00000	0.00000
01148BP   	7/11/2012	2	9	N	1	500.00000	1875.00000
01148BP   	6/12/2012	2	9	M	1	500.00000	1250.00000
01148BP   	8/12/2012	2	9	I	2	500.00000	900.00000
01196ZZ   	8/10/2012	2	9	I	3	500.00000	0.00000
01152SJ   	6/11/2012	22527_PRCH	22527	I	1	499.25110	0.00000
01152SJ   	26/12/2012	22527_PRCH	22527	I	1	493.50250	0.00000
01152SJ   	18/12/2012	22528_PRCH	22528	I	4	489.67470	0.00000
01284UW   	3/12/2012	46	5	I	22	487.00000	455.00000
00J381    	28/11/2012	323	9	M	2	480.00000	0.00000
01284UW   	20/12/2012	46	5	I	31	477.50000	570.45000
00J381    	21/11/2012	2	9	M	3	475.00000	675.00000
01284UW   	30/10/2012	274	5	I	8	475.00000	0.00000
01152SJ   	6/9/2012	22527_PRCH	22527	I	4	472.14350	0.00000
01148BP   	24/10/2012	2	9	N	2	471.89000	1394.59000
01284UW   	26/10/2012	1	5	I	4	470.00000	0.00000
00357DG   	26/10/2012	22512_XFER	22512	I	237	461.00000	210.30000
00J381    	12/9/2012	2	9	N	3	460.89000	1476.23000
00C017    	28/9/2012	22527_PRCH	22527	I	3	460.00000	0.00000
01196ZZ   	25/9/2012	3	8	I	5	460.00000	270.00000
00J381    	5/12/2012	323	9	M	3	456.00000	656.25000
00J381    	22/9/2012	1	5	M	2	450.00000	920.00000
00J381    	28/9/2012	42	4	M	4	450.00000	647.50000
00J381    	23/11/2012	323	9	M	4	450.00000	0.00000
01148BP   	9/10/2012	2	9	N	1	450.00000	0.00000
01196ZZ   	26/10/2012	2	9	I	5	450.00000	0.00000
01284UW   	10/10/2012	46	5	I	2	450.00000	0.00000
01152SJ   	12/12/2012	22527_PRCH	22527	I	6	448.68180	0.00000
00C017    	2/9/2012	22527_PRCH	22527	I	3	445.00000	0.00000
00J381    	3/10/2012	323	9	M	3	444.62000	0.00000
00J381    	10/9/2012	323	9	N	2	440.00000	0.00000
00J381    	28/9/2012	323	9	M	3	430.00000	650.00000
00J381    	17/11/2012	1	5	M	6	430.00000	0.00000
01284UW   	2/12/2012	274	5	I	22	427.00000	100.00000
00357DG   	6/12/2012	22512_XFER	22512	I	42	420.00000	255.00000
00J381    	22/9/2012	5	11	M	2	420.00000	0.00000
01152SJ   	7/11/2012	22527_PRCH	22527	I	5	418.82850	0.00000
00357DG   	3/11/2012	22512_XFER	22512	I	118	416.00000	316.40000
01148BP   	27/9/2012	2	9	M	1	412.00000	0.00000
00J381    	17/11/2012	323	9	M	3	410.75000	0.00000
00775SM   	30/9/2012	22508_STKE	22508	I	123	403.10000	0.00000
01284UW   	3/12/2012	273	3	I	13	403.00000	485.26000
01152SJ   	6/12/2012	22527_PRCH	22527	I	1	400.54650	0.00000
01152SJ   	13/10/2012	22527_PRCH	22527	I	1	400.04990	0.00000
00C017    	2/12/2012	22527_PRCH	22527	I	1	400.00000	0.00000
00J381    	7/10/2012	323	9	M	1	400.00000	0.00000
00J381    	9/10/2012		0	N	1	400.00000	0.00000
00J381    	11/11/2012	323	9	N	1	400.00000	0.00000
00J381    	13/11/2012	323	9	N	1	400.00000	0.00000
00J381    	31/12/2012	323	9	M	1	400.00000	0.00000
01148BP   	16/9/2012	1	5	I	1	400.00000	820.00000
01148BP   	16/9/2012	1	5	M	1	400.00000	359.38000
01148BP   	2/10/2012	2	9	N	1	400.00000	0.00000
01148BP   	14/10/2012	2	9	I	1	400.00000	0.00000
01148BP   	24/11/2012	2	9	M	3	400.00000	0.00000
01148BP   	29/11/2012	2	9	N	1	400.00000	0.00000
01196ZZ   	25/9/2012	2	9	I	2	400.00000	450.00000
00J381    	27/11/2012	2	9	M	2	393.40000	0.00000
01196ZZ   	24/11/2012	3	8	I	4	390.00000	672.50000
01196ZZ   	16/10/2012	3	8	I	3	385.00000	362.50000
00J381    	7/10/2012	1	5	M	6	380.00000	0.00000
00J381    	22/12/2012	323	9	M	2	380.00000	0.00000
01148BP   	5/11/2012	2	9	I	2	375.00000	0.00000
01152SJ   	13/9/2012	22528_PRCH	22528	I	5	374.36820	0.00000
01152SJ   	15/9/2012	22528_PRCH	22528	I	2	372.27770	0.00000
00J381    	20/12/2012	323	9	M	2	367.50000	0.00000
00J381    	16/9/2012	1	5	M	9	360.00000	0.00000
00J381    	29/12/2012	323	9	N	2	360.00000	0.00000
00357DG   	8/11/2012	613	0	I	178	354.00000	203.00000
01284UW   	4/11/2012	274	5	I	17	354.00000	100.00000
00C017    	18/10/2012	22527_PRCH	22527	I	2	350.00000	0.00000
00C017    	9/12/2012	22527_PRCH	22527	I	1	350.00000	0.00000
00J381    	24/9/2012	323	9	N	2	350.00000	0.00000
00J381    	3/10/2012	275	5	M	5	350.00000	0.00000
00J381    	4/10/2012	323	9	M	2	350.00000	0.00000
00J381    	8/10/2012	2	9	M	2	350.00000	0.00000
00J381    	22/11/2012	323	9	M	2	350.00000	1185.94000
00J381    	10/12/2012	323	9	M	2	350.00000	0.00000
00J381    	12/12/2012	323	9	M	2	350.00000	0.00000
00J381    	30/12/2012	323	9	M	2	350.00000	1340.63000
01148BP   	2/12/2012	2	9	M	1	350.00000	0.00000
01196ZZ   	28/11/2012	22528_PRCH	22528	I	2	350.00000	0.00000
01196ZZ   	1/12/2012	2	9	I	1	350.00000	0.00000
01284UW   	1/11/2012	275	5	I	4	350.00000	0.00000
00C017    	7/10/2012	22527_PRCH	22527	I	3	348.55000	0.00000
00J381    	30/9/2012	40	6	M	2	340.00000	0.00000
01148BP   	10/10/2012	2	9	N	1	337.50000	0.00000
00J381    	17/9/2012	1	5	M	5	335.00000	0.00000
00C017    	8/9/2012	22527_PRCH	22527	I	2	330.00000	0.00000
00C017    	26/10/2012	22527_PRCH	22527	I	2	330.00000	0.00000
00357DG   	21/11/2012	22512_XFER	22512	I	58	324.00000	124.20000
01152SJ   	8/10/2012	22527_PRCH	22527	I	3	322.26070	0.00000
00357DG   	19/11/2012	635	0	I	107	321.00000	141.60000
00C017    	2/11/2012	22527_PRCH	22527	I	2	320.00000	0.00000
00J381    	10/10/2012	323	9	M	3	320.00000	0.00000
00J381    	12/11/2012	2	9	M	2	320.00000	660.00000
00J381    	27/12/2012	42	4	M	1	319.00000	0.00000
00J381    	1/10/2012	2	9	M	2	316.67000	0.00000
01152SJ   	11/10/2012	22527_PRCH	22527	I	1	312.10990	0.00000
01152SJ   	6/11/2012	22528_PRCH	22528	I	5	312.03200	0.00000
00J381    	8/10/2012	19	1	M	1	311.31000	0.00000
00C017    	14/10/2012	22527_PRCH	22527	I	1	310.00000	0.00000
00J381    	10/10/2012	2	9	M	2	310.00000	780.00000
00J381    	2/10/2012	323	9	M	2	308.05000	0.00000
00J381    	11/12/2012	1	5	M	2	308.00000	0.00000
00J381    	17/9/2012	323	9	M	2	306.26000	528.13000
01152SJ   	4/10/2012	22527_PRCH	22527	I	1	305.35770	0.00000
00J381    	17/10/2012	323	9	M	2	305.00000	0.00000
00C017    	3/9/2012	22527_PRCH	22527	I	2	300.00000	0.00000
00C017    	19/10/2012	22527_PRCH	22527	I	1	300.00000	0.00000
00J381    	1/9/2012	323	9	M	4	300.00000	0.00000
00J381    	13/9/2012	323	9	N	2	300.00000	0.00000
00J381    	18/9/2012	323	9	M	2	300.00000	893.75000
00J381    	5/10/2012	323	9	M	2	300.00000	0.00000
00J381    	15/10/2012	323	9	M	2	300.00000	0.00000
00J381    	30/10/2012	323	9	N	2	300.00000	0.00000
00J381    	8/11/2012	323	9	M	2	300.00000	0.00000
00J381    	14/11/2012	323	9	M	2	300.00000	0.00000
00J381    	15/11/2012	2	9	N	2	300.00000	0.00000
00J381    	23/11/2012	2	9	M	2	300.00000	0.00000
00J381    	4/12/2012	323	9	M	2	300.00000	0.00000
00J381    	16/12/2012	323	9	M	2	300.00000	0.00000
00J381    	21/12/2012	323	9	M	2	300.00000	0.00000
01148BP   	26/10/2012	2	9	M	2	300.00000	250.00000
01148BP   	6/12/2012	2	9	I	1	300.00000	0.00000
00357DG   	11/12/2012	CSH_PPAL	0	I	0	295.21000	0.00000
01284UW   	5/11/2012	274	5	I	12	295.00000	254.55000
01152SJ   	19/9/2012	22528_PRCH	22528	I	4	292.61380	0.00000
00J381    	21/9/2012	323	9	N	2	290.00000	0.00000
01196ZZ   	18/9/2012	2	9	I	3	285.00000	0.00000
01152SJ   	1/9/2012	22527_PRCH	22527	I	2	284.39620	0.00000
00J381    	18/9/2012	275	5	M	5	283.00000	0.00000
00J381    	10/11/2012	323	9	M	2	281.50000	1584.38000
00C017    	1/9/2012	22527_PRCH	22527	I	2	281.00000	0.00000
00J381    	22/11/2012	2	9	N	3	280.00000	0.00000
00J381    	27/9/2012	42	4	M	2	277.50000	277.50000
01196ZZ   	18/11/2012	2	9	I	1	275.00000	0.00000
00J381    	25/11/2012	2	9	N	2	274.00000	0.00000
00357DG   	25/10/2012	22512_XFER	22512	I	136	272.00000	142.60000
00J381    	16/9/2012	323	9	M	2	270.87000	528.13000
00J381    	2/11/2012	323	9	N	2	270.00000	0.00000
01148BP   	3/12/2012	2	9	M	1	268.00000	938.00000
01196ZZ   	20/10/2012	1	5	I	2	267.00000	427.35000
01284UW   	4/12/2012	275	5	I	15	267.00000	0.00000
00C017    	30/12/2012	22527_PRCH	22527	I	1	260.00000	0.00000
00J381    	1/10/2012	323	9	M	1	260.00000	0.00000
00J381    	12/11/2012	323	9	M	2	260.00000	0.00000
01284UW   	30/11/2012	46	5	I	17	260.00000	0.00000
00J381    	16/9/2012	40	6	M	2	258.00000	0.00000
00C017    	11/9/2012	22527_PRCH	22527	I	2	250.00000	0.00000
00C017    	11/10/2012	22527_PRCH	22527	I	2	250.00000	0.00000
00C017    	27/10/2012	22527_PRCH	22527	I	1	250.00000	0.00000
00C017    	31/10/2012	22527_PRCH	22527	I	2	250.00000	0.00000
00C017    	21/11/2012	22527_PRCH	22527	I	1	250.00000	0.00000
00C017    	27/11/2012	22527_PRCH	22527	I	2	250.00000	0.00000
00J381    	18/9/2012	19	1	M	1	250.00000	0.00000
00J381    	24/11/2012	2	9	N	1	250.00000	1500.00000
00J381    	27/11/2012	1	5	M	3	250.00000	0.00000
00J381    	14/12/2012	323	9	N	2	250.00000	0.00000
00J381    	18/12/2012	2	9	N	1	250.00000	0.00000
00J381    	19/12/2012	323	9	M	2	250.00000	687.50000
01148BP   	2/9/2012	2	9	I	1	250.00000	0.00000
01148BP   	24/9/2012	2	9	N	1	250.00000	0.00000
01148BP   	6/11/2012	2	9	N	1	250.00000	2500.00000
01148BP   	8/11/2012	2	9	N	1	250.00000	0.00000
01148BP   	21/11/2012	2	9	M	1	250.00000	687.50000
01148BP   	4/12/2012	2	9	I	5	250.00000	400.00000
01196ZZ   	13/10/2012	2	9	M	4	250.00000	1175.00000
01152SJ   	23/12/2012	22527_PRCH	22527	I	6	249.53770	0.00000
00J381    	16/9/2012	325	13	M	1	248.13000	496.26000
00J381    	6/12/2012	42	4	M	1	244.00000	0.00000
00J381    	23/9/2012	323	9	M	1	240.00000	0.00000
01196ZZ   	16/10/2012	2	9	I	4	240.00000	550.00000
01196ZZ   	29/9/2012	22528_PRCH	22528	I	3	237.00000	0.00000
01284UW   	24/12/2012	273	3	I	10	232.90000	300.71000
00C017    	3/12/2012	22527_PRCH	22527	I	3	230.00000	0.00000
00J381    	5/9/2012	323	9	N	2	230.00000	0.00000
00J381    	12/10/2012	2	9	N	2	230.00000	0.00000
00J381    	4/11/2012	323	9	N	2	230.00000	0.00000
00J381    	19/11/2012	2	9	M	4	230.00000	0.00000
00497XG   	2/9/2012	452	0	I	369	228.31000	123.36000
01196ZZ   	18/9/2012	22512_XFER	22512	I	79	227.80000	112.00000
00J381    	7/10/2012	40	6	M	1	227.25000	900.00000
01284UW   	4/12/2012	46	5	I	8	226.00000	304.00000
01196ZZ   	16/10/2012	36	5	I	5	225.00000	0.00000
01196ZZ   	10/11/2012	2	9	I	3	225.00000	175.00000
01196ZZ   	13/12/2012	22528_PRCH	22528	I	2	225.00000	0.00000
01152SJ   	15/9/2012	22527_PRCH	22527	I	2	223.36670	0.00000
00497XG   	30/12/2012	601	0	I	85	222.40000	156.50000
00J381    	30/9/2012	42	4	M	1	220.00000	0.00000
00J381    	27/10/2012	2	9	M	2	220.00000	600.00000
00J381    	27/10/2012	1	5	N	2	220.00000	0.00000
00J381    	27/10/2012	2	9	N	2	220.00000	0.00000
00J381    	27/10/2012	323	9	M	2	220.00000	0.00000
00J381    	19/12/2012	2	9	M	1	220.00000	0.00000
01284UW   	25/10/2012	274	5	I	2	220.00000	0.00000
01152SJ   	17/12/2012	22528_PRCH	22528	I	5	216.39660	0.00000
01284UW   	25/12/2012	274	5	I	6	216.00000	12.69000
01152SJ   	30/10/2012	22528_PRCH	22528	I	1	215.47440	0.00000
01284UW   	25/12/2012	1	5	I	13	213.00000	41.37000
00J381    	20/10/2012	1	5	M	1	212.00000	0.00000
01196ZZ   	18/10/2012	2	9	I	1	207.00000	0.00000
00J381    	23/11/2012	40	6	M	2	205.94000	0.00000
00J381    	23/9/2012	2	9	M	1	204.00000	0.00000
00J381    	9/11/2012	2	9	M	1	202.25000	0.00000
00357DG   	15/9/2012	22512_XFER	22512	I	101	202.00000	127.10000
00C017    	15/9/2012	22527_PRCH	22527	I	1	200.00000	0.00000
00C017    	29/9/2012	22527_PRCH	22527	I	2	200.00000	0.00000
00C017    	25/10/2012	22527_PRCH	22527	I	1	200.00000	0.00000
00C017    	24/11/2012	2	9	I	4	200.00000	400.00000
00J381    	6/9/2012	323	9	N	2	200.00000	0.00000
00J381    	8/9/2012	2	9	M	1	200.00000	0.00000
00J381    	9/9/2012	323	9	N	1	200.00000	406.25000
00J381    	11/9/2012	323	9	N	1	200.00000	0.00000
00J381    	14/9/2012	2	9	N	1	200.00000	568.75000
00J381    	24/9/2012	2	9	N	1	200.00000	0.00000
00J381    	30/9/2012	323	9	N	1	200.00000	3300.78000
00J381    	5/10/2012	2	9	M	1	200.00000	0.00000
00J381    	6/10/2012	323	9	M	1	200.00000	0.00000
00J381    	8/10/2012	323	9	M	1	200.00000	0.00000
00J381    	9/10/2012	323	9	M	1	200.00000	0.00000
00J381    	11/10/2012	2	9	M	1	200.00000	0.00000
00J381    	14/10/2012	323	9	M	2	200.00000	0.00000
00J381    	16/10/2012	2	9	N	1	200.00000	0.00000
00J381    	24/10/2012	323	9	M	2	200.00000	0.00000
00J381    	25/10/2012	2	9	M	2	200.00000	0.00000
00J381    	5/11/2012	2	9	M	1	200.00000	0.00000
00J381    	10/11/2012	2	9	N	1	200.00000	0.00000
00J381    	14/11/2012	40	6	M	1	200.00000	0.00000
00J381    	17/11/2012	5	11	M	1	200.00000	0.00000
00J381    	18/11/2012	323	9	M	1	200.00000	0.00000
00J381    	20/11/2012	323	9	N	1	200.00000	0.00000
00J381    	25/11/2012	1	5	N	4	200.00000	0.00000
00J381    	26/11/2012	2	9	M	1	200.00000	700.00000
00J381    	30/11/2012	323	9	M	1	200.00000	0.00000
00J381    	1/12/2012	323	9	M	1	200.00000	0.00000
00J381    	8/12/2012	323	9	M	1	200.00000	0.00000
00J381    	11/12/2012	1	5	I	1	200.00000	0.00000
00J381    	11/12/2012	323	9	M	1	200.00000	528.13000
00J381    	14/12/2012	2	9	M	1	200.00000	0.00000
00J381    	16/12/2012	1	5	N	2	200.00000	0.00000
00J381    	17/12/2012	323	9	M	1	200.00000	0.00000
00J381    	23/12/2012	323	9	M	1	200.00000	0.00000
01148BP   	10/9/2012	2	9	I	1	200.00000	0.00000
01148BP   	11/9/2012	2	9	N	1	200.00000	0.00000
01148BP   	19/9/2012	2	9	I	1	200.00000	0.00000
01148BP   	30/9/2012	2	9	M	1	200.00000	0.00000
01148BP   	31/10/2012	2	9	N	1	200.00000	0.00000
01148BP   	22/11/2012	2	9	I	1	200.00000	0.00000
01196ZZ   	20/10/2012	22528_PRCH	22528	I	1	200.00000	0.00000
01196ZZ   	7/12/2012	22512_XFER	22512	I	2	200.00000	0.00000
01196ZZ   	21/12/2012	22512_XFER	22512	I	1	200.00000	0.00000
01284UW   	30/10/2012	36	5	I	2	200.00000	0.00000
00C017    	18/9/2012	22527_PRCH	22527	I	1	190.00000	0.00000
00C017    	21/10/2012	22527_PRCH	22527	I	2	190.00000	0.00000
01152SJ   	10/10/2012	22528_PRCH	22528	I	1	186.63680	0.00000
01152SJ   	4/11/2012	22528_PRCH	22528	I	1	186.54400	0.00000
00J381    	8/9/2012	2	9	N	1	180.00000	0.00000
00J381    	27/9/2012	2	9	M	2	180.00000	0.00000
00J381    	20/10/2012	323	9	M	1	180.00000	402.19000
00J381    	16/11/2012	323	9	M	1	180.00000	1608.75000
00J381    	29/12/2012	1	5	M	3	180.00000	0.00000
01196ZZ   	29/9/2012	1	5	I	5	180.00000	91.67000
00J381    	17/11/2012	2	9	M	1	178.00000	0.00000
01152SJ   	13/12/2012	22528_PRCH	22528	I	4	174.04280	0.00000
01152SJ   	19/10/2012	22528_PRCH	22528	I	1	171.90110	0.00000
00J381    	30/9/2012	1	5	M	4	170.00000	0.00000
00J381    	30/11/2012	2	9	N	1	170.00000	0.00000
01152SJ   	20/9/2012	22528_PRCH	22528	I	1	160.05910	0.00000
00C017    	28/10/2012	22527_PRCH	22527	I	1	160.00000	0.00000
00J381    	19/10/2012	2	9	N	1	160.00000	0.00000
00J381    	29/12/2012		0	N	1	160.00000	0.00000
01196ZZ   	23/9/2012	1	5	M	2	160.00000	300.91000
00J381    	29/9/2012	1	5	M	5	155.00000	0.00000
01284UW   	8/12/2012	46	5	I	14	155.00000	97.75000
00J381    	10/9/2012	45	17	M	1	153.63000	0.00000
00C017    	10/11/2012	22527_PRCH	22527	I	2	152.99000	0.00000
00357DG   	5/12/2012	635	0	I	33	151.00000	41.60000
00J381    	26/11/2012	323	9	M	1	150.31000	1343.40000
00C017    	16/9/2012	22527_PRCH	22527	I	2	150.00000	0.00000
00C017    	4/12/2012	22527_PRCH	22527	I	1	150.00000	0.00000
00C017    	12/12/2012	22527_PRCH	22527	I	2	150.00000	0.00000
00C017    	23/12/2012	22527_PRCH	22527	I	1	150.00000	0.00000
00J381    	2/9/2012	323	9	M	1	150.00000	0.00000
00J381    	3/9/2012	323	9	M	1	150.00000	0.00000
00J381    	12/9/2012	323	9	N	1	150.00000	0.00000
00J381    	14/9/2012	323	9	M	1	150.00000	0.00000
00J381    	15/9/2012	1	5	M	1	150.00000	0.00000
00J381    	15/9/2012	323	9	N	1	150.00000	0.00000
00J381    	18/9/2012	2	9	M	1	150.00000	0.00000
00J381    	19/9/2012	2	9	M	1	150.00000	0.00000
00J381    	20/9/2012	323	9	M	1	150.00000	0.00000
00J381    	20/9/2012	323	9	N	1	150.00000	0.00000
00J381    	23/9/2012	40	6	M	1	150.00000	0.00000
00J381    	26/9/2012	2	9	M	2	150.00000	0.00000
00J381    	26/9/2012	323	9	M	1	150.00000	0.00000
00J381    	4/10/2012	42	4	M	1	150.00000	0.00000
00J381    	6/10/2012	2	9	M	1	150.00000	1406.25000
00J381    	13/10/2012	40	6	M	1	150.00000	0.00000
00J381    	13/10/2012	323	9	M	1	150.00000	0.00000
00J381    	16/10/2012	323	9	N	1	150.00000	0.00000
00J381    	19/10/2012	323	9	N	1	150.00000	0.00000
00J381    	21/10/2012	323	9	N	1	150.00000	0.00000
00J381    	25/10/2012	323	9	N	1	150.00000	0.00000
00J381    	26/10/2012	323	9	M	1	150.00000	0.00000
00J381    	1/11/2012	323	9	N	1	150.00000	0.00000
00J381    	19/11/2012	323	9	M	1	150.00000	0.00000
00J381    	21/11/2012	323	9	M	1	150.00000	0.00000
00J381    	21/11/2012	323	9	N	1	150.00000	0.00000
00J381    	22/11/2012	2	9	M	1	150.00000	0.00000
00J381    	24/11/2012		0	N	1	150.00000	0.00000
00J381    	25/11/2012	323	9	N	1	150.00000	0.00000
00J381    	29/11/2012	2	9	M	1	150.00000	0.00000
00J381    	29/11/2012	323	9	M	1	150.00000	0.00000
00J381    	2/12/2012	323	9	M	1	150.00000	0.00000
00J381    	3/12/2012	323	9	M	1	150.00000	0.00000
00J381    	7/12/2012	2	9	N	1	150.00000	0.00000
00J381    	7/12/2012	323	9	N	1	150.00000	0.00000
00J381    	13/12/2012	323	9	M	1	150.00000	0.00000
01284UW   	14/10/2012	1	5	I	1	150.00000	0.00000
01284UW   	1/11/2012	274	5	I	1	150.00000	0.00000
00357DG   	8/12/2012	22512_XFER	22512	I	19	148.00000	17.30000
01284UW   	27/10/2012	46	5	I	3	145.00000	0.00000
00J381    	17/9/2012	40	6	M	1	143.13000	0.00000
01284UW   	13/11/2012	46	5	I	15	141.50000	192.41000
00J381    	4/9/2012	2	9	N	1	140.00000	0.00000
00J381    	9/9/2012	40	6	N	1	140.00000	0.00000
00J381    	22/9/2012	2	9	N	1	140.00000	0.00000
00J381    	22/9/2012	323	9	M	1	140.00000	0.00000
00J381    	25/9/2012	323	9	M	1	140.00000	0.00000
00J381    	18/10/2012	2	9	N	1	140.00000	0.00000
01284UW   	31/10/2012	274	5	I	2	140.00000	0.00000
01152SJ   	7/9/2012	22527_PRCH	22527	I	1	138.52160	0.00000
01152SJ   	18/12/2012	22527_PRCH	22527	I	1	137.56650	0.00000
01152SJ   	17/12/2012	22527_PRCH	22527	I	1	135.71160	0.00000
00C017    	29/12/2012	22508_STKE	22508	I	26	133.50000	0.00000
00J381    	5/11/2012	323	9	M	1	130.00000	0.00000
00J381    	30/11/2012	323	9	N	1	130.00000	0.00000
00J381    	6/12/2012	323	9	M	1	130.00000	0.00000
00357DG   	26/11/2012	182	0	I	63	126.00000	91.66000
01152SJ   	8/9/2012	22528_PRCH	22528	I	1	125.68340	0.00000
01152SJ   	30/10/2012	22527_PRCH	22527	I	1	125.43470	0.00000
00J381    	29/9/2012	323	9	M	1	125.00000	0.00000
01148BP   	3/10/2012	2	9	N	1	125.00000	0.00000
01152SJ   	24/10/2012	22528_PRCH	22528	I	1	124.82840	0.00000
01152SJ   	27/11/2012	22528_PRCH	22528	I	1	124.77380	0.00000
00C017    	5/9/2012	22527_PRCH	22527	I	1	122.00000	0.00000
01284UW   	24/12/2012	274	5	I	7	121.70000	0.46000
00J381    	27/12/2012	2	9	M	1	120.38000	0.00000
00C017    	10/9/2012	22527_PRCH	22527	I	1	120.00000	0.00000
00C017    	14/11/2012	22527_PRCH	22527	I	1	120.00000	0.00000
00J381    	8/9/2012	323	9	N	1	120.00000	0.00000
00J381    	14/9/2012	323	9	N	1	120.00000	0.00000
00J381    	27/9/2012	323	9	M	2	120.00000	625.63000
00J381    	29/9/2012	2	9	M	1	120.00000	0.00000
00J381    	18/10/2012	323	9	N	1	120.00000	0.00000
00J381    	23/10/2012	275	5	N	1	120.00000	0.00000
00J381    	27/10/2012	323	9	N	1	120.00000	0.00000
00J381    	3/11/2012	323	9	I	1	120.00000	0.00000
00357DG   	20/11/2012	638	0	I	58	116.00000	90.00000
00J381    	22/9/2012		0	N	1	116.00000	1036.75000
01284UW   	4/12/2012	274	5	I	3	115.00000	91.88000
00J381    	3/11/2012	323	9	N	1	110.00000	0.00000
01196ZZ   	13/10/2012	3	8	M	2	105.00000	52.50000
01284UW   	23/12/2012	274	5	I	4	102.00000	0.00000
00J381    	7/12/2012	323	9	M	1	100.07000	0.00000
00357DG   	17/11/2012	275	5	I	2	100.00000	0.00000
00C017    	6/9/2012	22527_PRCH	22527	I	1	100.00000	0.00000
00C017    	9/9/2012	22527_PRCH	22527	I	1	100.00000	0.00000
00C017    	10/10/2012	22527_PRCH	22527	I	1	100.00000	0.00000
00C017    	6/11/2012	22527_PRCH	22527	I	1	100.00000	0.00000
00C017    	11/11/2012	22527_PRCH	22527	I	1	100.00000	0.00000
00J381    	4/9/2012	323	9	M	1	100.00000	0.00000
00J381    	11/9/2012	2	9	N	1	100.00000	0.00000
00J381    	26/9/2012	1	5	M	2	100.00000	0.00000
00J381    	28/9/2012	40	6	M	1	100.00000	0.00000
00J381    	4/10/2012	40	6	M	1	100.00000	0.00000
00J381    	9/10/2012	2	9	M	1	100.00000	0.00000
00J381    	28/10/2012	323	9	N	1	100.00000	0.00000
00J381    	31/10/2012	2	9	N	1	100.00000	0.00000
00J381    	31/10/2012	323	9	N	1	100.00000	0.00000
00J381    	10/11/2012	1	5	N	1	100.00000	0.00000
00J381    	15/11/2012	323	9	N	1	100.00000	0.00000
00J381    	22/11/2012	275	5	N	2	100.00000	0.00000
00J381    	24/11/2012	323	9	M	1	100.00000	0.00000
01196ZZ   	1/9/2012	2	9	I	1	100.00000	0.00000
01196ZZ   	1/9/2012	22528_PRCH	22528	I	1	100.00000	0.00000
01196ZZ   	24/9/2012	1	5	M	1	100.00000	0.00000
01196ZZ   	6/10/2012	10	16	I	1	100.00000	1000.00000
01196ZZ   	20/10/2012	323	9	I	1	100.00000	350.00000
01196ZZ   	2/11/2012	2	9	I	1	100.00000	0.00000
01196ZZ   	18/11/2012	1	5	I	2	100.00000	275.00000
01196ZZ   	8/12/2012	3	8	I	1	100.00000	0.00000
01196ZZ   	18/12/2012	22512_XFER	22512	I	2	100.00000	0.00000
01284UW   	3/12/2012	274	5	I	8	100.00000	276.00000
01152SJ   	5/10/2012	22527_PRCH	22527	I	1	99.33570	0.00000
00C017    	19/10/2012	22508_STKE	22508	I	11	97.20000	0.00000
00357DG   	13/11/2012	612	0	I	16	96.00000	35.25000
01284UW   	9/11/2012	46	5	I	10	92.00000	67.20000
00357DG   	19/11/2012	638	0	I	45	90.00000	19.50000
01196ZZ   	18/11/2012	3	8	I	1	90.00000	0.00000
01196ZZ   	11/12/2012	1	5	I	3	90.00000	0.00000
01284UW   	25/12/2012	46	5	I	3	88.00000	186.90000
01284UW   	14/11/2012	36	5	I	11	83.10000	0.00000
00357DG   	17/11/2012	635	0	I	29	82.00000	32.30000
01152SJ   	19/9/2012	22527_PRCH	22527	I	2	80.08380	0.00000
00J381    	16/9/2012	46	5	M	1	80.00000	0.00000
00J381    	28/9/2012	385	6	M	1	80.00000	0.00000
00J381    	23/10/2012	275	5	M	1	80.00000	0.00000
00J381    	4/11/2012	1	5	M	1	80.00000	0.00000
00357DG   	26/10/2012	612	0	I	38	76.00000	26.25000
01284UW   	30/11/2012	1	5	I	3	76.00000	0.00000
01284UW   	9/11/2012	274	5	I	7	75.00000	0.00000
00357DG   	14/11/2012	601	0	I	17	72.00000	20.50000
00J381    	12/12/2012	2	9	M	1	70.13000	0.00000
01284UW   	26/12/2012	1	5	I	8	68.00000	19.61000
01284UW   	22/12/2012	274	5	I	6	67.00000	125.63000
00357DG   	20/11/2012	601	0	I	32	64.00000	15.00000
01284UW   	2/12/2012	40	6	I	3	64.00000	0.00000
01152SJ   	5/9/2012	22528_PRCH	22528	I	1	62.98020	0.00000
01152SJ   	14/9/2012	22527_PRCH	22527	I	1	62.15040	0.00000
01152SJ   	20/10/2012	22528_PRCH	22528	I	1	62.00400	0.00000
01152SJ   	28/9/2012	22528_PRCH	22528	I	1	61.82760	0.00000
00357DG   	30/11/2012	638	0	I	30	60.00000	40.25000
00J381    	25/9/2012	2	9	M	1	60.00000	0.00000
01196ZZ   	25/9/2012	22528_PRCH	22528	I	1	60.00000	0.00000
01196ZZ   	27/10/2012	1	5	I	2	60.00000	0.00000
01284UW   	28/12/2012	274	5	I	10	58.20000	74.18000
01284UW   	28/10/2012	46	5	I	8	58.00000	0.00000
01284UW   	19/12/2012	274	5	I	3	55.00000	99.50000
01284UW   	29/12/2012	1	5	I	14	54.97000	17.02000
00J381    	21/10/2012	2	9	M	1	50.19000	0.00000
00C017    	22/9/2012	22527_PRCH	22527	I	1	50.00000	0.00000
00J381    	4/10/2012	2	9	M	1	50.00000	0.00000
00J381    	12/10/2012	36	5	M	2	50.00000	0.00000
00J381    	4/11/2012	1	5	N	2	50.00000	0.00000
01196ZZ   	13/10/2012	10	16	M	5	50.00000	0.00000
01196ZZ   	24/11/2012	22528_PRCH	22528	I	1	50.00000	0.00000
01284UW   	13/11/2012	1	5	I	6	50.00000	0.00000
01284UW   	24/12/2012	1	5	I	5	50.00000	0.00000
00357DG   	10/11/2012	22508_STKE	22508	I	27	49.80000	0.00000
00775SM   	25/9/2012	452	0	I	24	49.25000	27.75000
00357DG   	14/11/2012	638	0	I	24	48.00000	9.25000
01284UW   	25/12/2012	273	3	I	2	46.00000	0.00000
01284UW   	27/11/2012	46	5	I	8	41.00000	0.00000
01284UW   	6/12/2012	46	5	I	6	40.30000	95.70000
01196ZZ   	23/9/2012	2	9	M	1	40.00000	0.00000
01196ZZ   	23/9/2012	22528_PRCH	22528	I	1	40.00000	0.00000
01196ZZ   	23/10/2012	1	5	I	5	40.00000	0.00000
01196ZZ   	10/11/2012	1	5	I	2	40.00000	0.00000
01196ZZ   	26/11/2012	22528_PRCH	22528	I	2	40.00000	0.00000
01196ZZ   	13/12/2012	3	8	I	1	40.00000	0.00000
01284UW   	27/11/2012	1	5	I	7	39.51000	0.00000
01284UW   	3/12/2012	1	5	I	4	39.30000	0.00000
00775SM   	13/10/2012	22512_XFER	22512	I	20	39.00000	9.00000
01284UW   	3/12/2012	36	5	I	6	38.00000	90.00000
01284UW   	19/12/2012	1	5	I	3	38.00000	16.21000
01284UW   	8/12/2012	1	5	I	7	37.00000	0.00000
00775SM   	29/9/2012	452	0	I	25	36.50000	33.00000
00775SM   	18/9/2012	452	0	I	16	34.75000	2.25000
01284UW   	16/11/2012	46	5	I	6	34.50000	0.00000
01152SJ   	3/10/2012	22527_PRCH	22527	I	1	30.98280	0.00000
00775SM   	23/9/2012	22512_XFER	22512	I	9	30.77000	15.47000
01284UW   	29/10/2012	46	5	I	2	30.00000	1035.00000
01284UW   	20/12/2012	274	5	I	3	25.00000	13.15000
00775SM   	17/9/2012	22512_XFER	22512	I	15	24.60000	4.75000
00357DG   	15/11/2012	638	0	I	12	24.00000	3.00000
00775SM   	20/9/2012	22512_XFER	22512	I	12	24.00000	4.40000
01284UW   	6/12/2012	36	5	I	3	24.00000	0.00000
01284UW   	8/12/2012	274	5	I	4	20.60000	0.00000
00357DG   	17/11/2012	22528_PRCH	22528	I	1	20.00000	0.00000
00775SM   	30/9/2012	22528_PRCH	22528	I	1	20.00000	0.00000
01196ZZ   	23/10/2012	275	5	I	2	20.00000	0.00000
01196ZZ   	28/11/2012	1	5	I	1	20.00000	0.00000
01284UW   	30/11/2012	36	5	I	2	20.00000	0.00000
01284UW   	19/12/2012	46	5	I	1	20.00000	60.00000
01284UW   	10/12/2012	46	5	I	4	19.00000	0.00000
00497XG   	3/9/2012	453	0	I	32	18.60000	9.35000
00775SM   	20/9/2012	2	9	I	2	18.00000	0.00000
01284UW   	5/11/2012	46	5	I	3	18.00000	0.00000
01284UW   	13/11/2012	36	5	I	1	18.00000	0.00000
01284UW   	28/12/2012	1	5	I	3	13.85000	0.00000
01152SJ   	26/11/2012	22528_PRCH	22528	I	1	13.10130	0.00000
00775SM   	20/9/2012	452	0	I	7	12.80000	1.90000
01152SJ   	23/9/2012	22527_PRCH	22527	I	1	12.30840	0.00000
01284UW   	27/12/2012	274	5	I	4	10.70000	3.20000
00775SM   	15/9/2012	2	9	I	1	10.00000	0.00000
00775SM   	16/9/2012	2	9	I	1	10.00000	0.00000
00775SM   	23/9/2012	2	9	I	2	10.00000	15.38000
01196ZZ   	10/11/2012	46	5	I	1	10.00000	0.00000
01196ZZ   	18/11/2012	46	5	I	1	10.00000	0.00000
01196ZZ   	24/11/2012	1	5	I	1	10.00000	0.00000
01284UW   	27/10/2012	1	5	I	1	10.00000	0.00000
01284UW   	6/12/2012	274	5	I	2	10.00000	0.00000
01284UW   	22/12/2012	36	5	I	2	8.00000	0.00000
00775SM   	17/9/2012	2	9	I	1	6.00000	9.00000
01284UW   	9/12/2012	1	5	I	1	6.00000	0.00000
00775SM   	2/10/2012	452	0	I	3	5.25000	0.00000
00775SM   	20/9/2012	38	9	I	5	5.00000	0.00000
00775SM   	7/10/2012	2	9	I	1	5.00000	26.00000
01284UW   	16/11/2012	274	5	I	1	5.00000	0.00000
01284UW   	4/12/2012	36	5	I	1	5.00000	0.00000
00497XG   	3/9/2012	452	0	I	19	4.70000	2.40000
01284UW   	9/12/2012	46	5	I	2	4.50000	0.00000
00775SM   	17/9/2012	38	9	I	4	4.00000	23.40000
00775SM   	19/9/2012	38	9	I	3	3.00000	16.90000
00775SM   	20/10/2012	22508_STKE	22508	I	2	2.90000	0.00000
00775SM   	19/9/2012	453	0	I	1	2.00000	0.00000
00497XG   	4/10/2012	452	0	I	14	1.36000	0.20000
00775SM   	23/9/2012	452	0	I	1	0.25000	0.00000
00775SM   	25/11/2012	635	0	I	13	0.13000	0.00000
00357DG   	19/9/2012	BONS_VEGA	0	I	0	0.00000	7.49000
00357DG   	12/10/2012	22522_SALE	22522	I	0	0.00000	25.00000
00357DG   	24/10/2012	BONS_VEGA	0	I	0	0.00000	50.00000
00357DG   	30/10/2012	BONS_GAM	0	I	0	0.00000	4.98000
00357DG   	31/10/2012	BONS_VEGA	0	I	0	0.00000	38.01000
00357DG   	2/11/2012	22522_SALE	22522	I	0	0.00000	25.00000
00357DG   	6/11/2012	22522_SALE	22522	I	0	0.00000	20.00000
00357DG   	7/11/2012	BONS_VEGA	0	I	0	0.00000	41.32000
00357DG   	9/11/2012	22522_SALE	22522	I	0	0.00000	20.00000
00357DG   	10/11/2012	22508_RTNS	22508	I	0	0.00000	6.85000
00357DG   	10/11/2012	22522_SALE	22522	I	0	0.00000	25.00000
00357DG   	11/11/2012	BONS_VEGA	0	I	0	0.00000	70.00000
00357DG   	12/11/2012	BONS_GAM	0	I	0	0.00000	15.30000
00357DG   	14/11/2012	BONS_VEGA	0	I	0	0.00000	444.14000
00357DG   	14/11/2012	22522_SALE	22522	I	0	0.00000	20.00000
00357DG   	15/11/2012	BONS_VEGA	0	I	0	0.00000	200.00000
00357DG   	15/11/2012	22522_SALE	22522	I	0	0.00000	45.00000
00357DG   	19/11/2012	BONS_GAM	0	I	0	0.00000	50.00000
00357DG   	20/11/2012	22522_SALE	22522	I	0	0.00000	50.00000
00357DG   	21/11/2012	BONS_VEGA	0	I	0	0.00000	1058.09000
00357DG   	23/11/2012	BONS_VEGA	0	I	0	0.00000	100.00000
00357DG   	24/11/2012	22522_SALE	22522	I	0	0.00000	75.00000
00357DG   	26/11/2012	BONS_GAM	0	I	0	0.00000	55.21000
00357DG   	27/11/2012	BONS_VEGA	0	I	0	0.00000	350.00000
00357DG   	28/11/2012	22522_SALE	22522	I	0	0.00000	100.00000
00357DG   	28/11/2012	BONS_VEGA	0	I	0	0.00000	930.80000
00357DG   	29/11/2012	BONS_VEGA	0	I	0	0.00000	250.00000
00357DG   	1/12/2012	BONS_VEGA	0	I	0	0.00000	400.00000
00357DG   	3/12/2012	BONS_GAM	0	I	0	0.00000	27.02000
00357DG   	5/12/2012	22522_SALE	22522	I	0	0.00000	70.00000
00357DG   	5/12/2012	BONS_VEGA	0	I	0	0.00000	1036.53000
00357DG   	10/12/2012	BONS_GAM	0	I	0	0.00000	11.14000
00357DG   	12/12/2012	BONS_VEGA	0	I	0	0.00000	172.01000
00497XG   	2/9/2012	434	0	I	0	0.00000	4.95000
00497XG   	3/9/2012	BONS_GAM	0	I	0	0.00000	11.55000
00497XG   	12/9/2012	BONS_GAM	0	I	0	0.00000	1.16000
00497XG   	24/12/2012	579	0	I	0	0.00000	922.00000
00497XG   	24/12/2012	616	0	I	0	0.00000	42.50000
00497XG   	25/12/2012		0	I	0	0.00000	194.00000
00497XG   	25/12/2012	579	0	I	0	0.00000	328.05000
00497XG   	26/12/2012	579	0	I	0	0.00000	447.90000
00497XG   	26/12/2012	616	0	I	0	0.00000	20.00000
00497XG   	27/12/2012		0	I	0	0.00000	83.90000
00497XG   	27/12/2012	579	0	I	0	0.00000	242.50000
00497XG   	30/12/2012	579	0	I	0	0.00000	221.00000
00497XG   	31/12/2012	579	0	I	0	0.00000	198.00000
00775SM   	19/9/2012	BONS_VEGA	0	I	0	0.00000	1.99000
00775SM   	24/9/2012	BONS_GAM	0	I	0	0.00000	1.32000
00775SM   	26/9/2012	BONS_VEGA	0	I	0	0.00000	3.49000
00775SM   	30/9/2012	22508_RTNS	22508	I	0	0.00000	346.00000
00775SM   	1/10/2012	BONS_GAM	0	I	0	0.00000	2.50000
00775SM   	7/10/2012	22508_RTNS	22508	I	0	0.00000	526.00000
00775SM   	17/10/2012	BONS_VEGA	0	I	0	0.00000	3.00000
00C017    	7/9/2012	22527_SALE	22527	I	0	0.00000	200.00000
00C017    	10/9/2012	22508_RTNS	22508	I	0	0.00000	524.43000
00C017    	10/9/2012	22527_SALE	22527	I	0	0.00000	900.00000
00C017    	28/9/2012	22508_RTNS	22508	I	0	0.00000	255.66000
00C017    	28/9/2012	22527_SALE	22527	I	0	0.00000	400.00000
00C017    	29/9/2012	22527_SALE	22527	I	0	0.00000	100.00000
00C017    	11/10/2012	22527_SALE	22527	I	0	0.00000	250.00000
00C017    	19/10/2012	22527_SALE	22527	I	0	0.00000	100.00000
00C017    	19/10/2012	22508_RTNS	22508	I	0	0.00000	0.00000
00C017    	26/10/2012	22527_SALE	22527	I	0	0.00000	200.00000
00C017    	12/11/2012	22527_SALE	22527	I	0	0.00000	1500.00000
00C017    	18/11/2012	22527_SALE	22527	I	0	0.00000	4000.00000
00C017    	24/11/2012	22527_SALE	22527	I	0	0.00000	200.00000
00C017    	25/11/2012	22527_SALE	22527	I	0	0.00000	500.00000
00C017    	30/11/2012	22527_SALE	22527	I	0	0.00000	1000.00000
00C017    	1/12/2012	22527_SALE	22527	I	0	0.00000	1000.00000
00C017    	2/12/2012	22508_RTNS	22508	I	0	0.00000	233.00000
00C017    	14/12/2012	22527_SALE	22527	I	0	0.00000	500.00000
00C017    	21/12/2012	22527_SALE	22527	I	0	0.00000	500.00000
00C017    	29/12/2012	22508_RTNS	22508	I	0	0.00000	34.00000
00C017    	29/12/2012	22527_SALE	22527	I	0	0.00000	600.00000
00J381    	11/9/2012	45	17	M	0	0.00000	460.89000
00J381    	23/9/2012	5	11	M	0	0.00000	1194.00000
00J381    	30/9/2012	385	6	M	0	0.00000	280.00000
00J381    	8/10/2012	40	6	M	0	0.00000	511.31000
00J381    	8/11/2012	2	9	M	1	0.00000	0.00000
00J381    	25/11/2012	40	6	M	0	0.00000	474.31000
00J381    	9/12/2012	42	4	M	0	0.00000	610.00000
01148BP   	17/10/2012	GWIL_SPRT	0	I	0	0.00000	800.00000
01148BP   	20/11/2012	BETC_RET	0	I	0	0.00000	500.00000
01148BP   	9/12/2012	BONS_SPRB	0	I	0	0.00000	100.00000
01152SJ   	1/9/2012	22527_SALE	22527	I	0	0.00000	884.78800
01152SJ   	1/9/2012	22528_SALE	22528	I	0	0.00000	631.99140
01152SJ   	4/9/2012	22527_SALE	22527	I	0	0.00000	509.89540
01152SJ   	4/9/2012	22528_SALE	22528	I	0	0.00000	630.27860
01152SJ   	6/9/2012	22527_SALE	22527	I	0	0.00000	586.71700
01152SJ   	8/9/2012	22527_SALE	22527	I	0	0.00000	1508.28250
01152SJ   	8/9/2012	22528_SALE	22528	I	0	0.00000	565.60670
01152SJ   	9/9/2012	22527_SALE	22527	I	0	0.00000	1628.66440
01152SJ   	9/9/2012	22528_SALE	22528	I	0	0.00000	1002.25510
01152SJ   	14/9/2012	22527_SALE	22527	I	0	0.00000	374.45620
01152SJ   	15/9/2012	22528_SALE	22528	I	0	0.00000	124.09260
01152SJ   	19/9/2012	22527_SALE	22527	I	0	0.00000	123.20580
01152SJ   	23/9/2012	22528_SALE	22528	I	0	0.00000	12.30840
01152SJ   	26/9/2012	22527_SALE	22527	I	0	0.00000	645.73830
01152SJ   	26/9/2012	22528_SALE	22528	I	0	0.00000	214.01260
01152SJ   	1/10/2012	22528_SALE	22528	I	0	0.00000	620.09030
01152SJ   	4/10/2012	22528_SALE	22528	I	0	0.00000	920.40880
01152SJ   	4/10/2012	22527_SALE	22527	I	0	0.00000	864.35430
01152SJ   	11/10/2012	22527_SALE	22527	I	0	0.00000	374.53180
01152SJ   	13/10/2012	22527_SALE	22527	I	0	0.00000	1060.97480
01152SJ   	13/10/2012	22528_SALE	22528	I	0	0.00000	400.04990
01152SJ   	14/10/2012	22527_SALE	22527	I	0	0.00000	2365.01210
01152SJ   	14/10/2012	22528_SALE	22528	I	0	0.00000	949.74150
01152SJ   	15/10/2012	22528_SALE	22528	I	0	0.00000	1557.76770
01152SJ   	15/10/2012	22527_SALE	22527	I	0	0.00000	2115.34870
01152SJ   	16/10/2012	22527_SALE	22527	I	0	0.00000	2239.78100
01152SJ   	16/10/2012	22528_SALE	22528	I	0	0.00000	2177.56490
01152SJ   	17/10/2012	22527_SALE	22527	I	0	0.00000	4110.10090
01152SJ   	17/10/2012	22528_SALE	22528	I	0	0.00000	1743.67920
01152SJ   	18/10/2012	22527_SALE	22527	I	0	0.00000	1120.67350
01152SJ   	18/10/2012	22528_SALE	22528	I	0	0.00000	961.28750
01152SJ   	19/10/2012	22527_SALE	22527	I	0	0.00000	171.90110
01152SJ   	20/10/2012	22528_SALE	22528	I	0	0.00000	930.92760
01152SJ   	25/10/2012	22527_SALE	22527	I	0	0.00000	1188.54000
01152SJ   	25/10/2012	22528_SALE	22528	I	0	0.00000	3502.28330
01152SJ   	27/10/2012	22527_SALE	22527	I	0	0.00000	623.60140
01152SJ   	30/10/2012	22527_SALE	22527	I	0	0.00000	215.47440
01152SJ   	30/10/2012	22528_SALE	22528	I	0	0.00000	125.43470
01152SJ   	4/11/2012	22527_SALE	22527	I	0	0.00000	186.54400
01152SJ   	4/11/2012	22528_SALE	22528	I	0	0.00000	621.81320
01152SJ   	5/11/2012	22527_SALE	22527	I	0	0.00000	1060.84240
01152SJ   	28/11/2012	22527_SALE	22527	I	0	0.00000	624.18080
01152SJ   	28/11/2012	22528_SALE	22528	I	0	0.00000	561.76270
01152SJ   	30/11/2012	22528_SALE	22528	I	0	0.00000	1562.01190
01152SJ   	1/12/2012	22527_SALE	22527	I	0	0.00000	5451.30130
01152SJ   	1/12/2012	22528_SALE	22528	I	0	0.00000	3370.38640
01152SJ   	2/12/2012	22528_SALE	22528	I	0	0.00000	1436.99680
01152SJ   	3/12/2012	22528_SALE	22528	I	0	0.00000	3622.28330
01152SJ   	3/12/2012	22527_SALE	22527	I	0	0.00000	3622.28330
01152SJ   	4/12/2012	22527_SALE	22527	I	0	0.00000	905.57090
01152SJ   	4/12/2012	22528_SALE	22528	I	0	0.00000	103.04770
01152SJ   	6/12/2012	22527_SALE	22527	I	0	0.00000	756.38080
01152SJ   	6/12/2012	22528_SALE	22528	I	0	0.00000	400.54650
01152SJ   	7/12/2012	22527_SALE	22527	I	0	0.00000	1181.14640
01152SJ   	7/12/2012	22528_SALE	22528	I	0	0.00000	870.02420
01152SJ   	8/12/2012	22528_SALE	22528	I	0	0.00000	1309.98260
01152SJ   	9/12/2012	22527_SALE	22527	I	0	0.00000	1870.44080
01152SJ   	9/12/2012	22528_SALE	22528	I	0	0.00000	1644.74090
01152SJ   	10/12/2012	22527_SALE	22527	I	0	0.00000	1355.73150
01152SJ   	11/12/2012	22528_SALE	22528	I	0	0.00000	313.22070
01152SJ   	12/12/2012	22527_SALE	22527	I	0	0.00000	1059.38800
01152SJ   	17/12/2012	22528_SALE	22528	I	0	0.00000	135.71160
01152SJ   	18/12/2012	22527_SALE	22527	I	0	0.00000	279.46090
01152SJ   	18/12/2012	22528_SALE	22528	I	0	0.00000	137.56650
01152SJ   	26/12/2012	22527_SALE	22527	I	0	0.00000	456.68320
01152SJ   	26/12/2012	22528_SALE	22528	I	0	0.00000	493.50250
01152SJ   	27/12/2012	22527_SALE	22527	I	0	0.00000	1859.44590
01152SJ   	27/12/2012	22528_SALE	22528	I	0	0.00000	806.06170
01196ZZ   	24/9/2012	22522_SALE	22522	I	0	0.00000	25.00000
01196ZZ   	20/10/2012	22528_SALE	22528	I	0	0.00000	190.00000
01196ZZ   	23/10/2012	22522_SALE	22522	I	0	0.00000	25.00000
01196ZZ   	24/11/2012	22522_SALE	22522	I	0	0.00000	45.00000
01196ZZ   	28/11/2012	22528_SALE	22528	I	0	0.00000	375.00000
01196ZZ   	8/12/2012	22522_SALE	22522	I	0	0.00000	25.00000
01196ZZ   	15/12/2012	22522_SALE	22522	I	0	0.00000	25.00000
01196ZZ   	19/12/2012	22522_SALE	22522	I	0	0.00000	20.00000
01284UW   	15/10/2012	274	5	I	0	0.00000	10003.50000
01284UW   	5/11/2012	424	17	I	1	0.00000	0.00000
01284UW   	21/12/2012	46	5	I	0	0.00000	103.71000
01148BP   	4/10/2012	2	9	I	2	-300.00000	0.00000