AccountNo,BetDate,ClassId,CategoryId,Source,BetCount,Bet_Amt,Win_Amt
01196ZZ   ,24/11/2012,22512_XFER,22512,I,189,29364,28947
00357DG   ,27/11/2012,22512_XFER,22512,I,1415,19835,"18639,15"
00357DG   ,24/11/2012,22512_XFER,22512,I,2026,"19280,8","17904,5"
01196ZZ   ,19/12/2012,22512_XFER,22512,I,151,17301,16956
01284UW   ,21/10/2012,46,5,I,25,16850,"3319,11"
00357DG   ,26/11/2012,22512_XFER,22512,I,1859,"16078,5","12299,52"
00357DG   ,17/11/2012,22512_XFER,22512,I,1469,15204,"14758,8"
00357DG   ,30/11/2012,22512_XFER,22512,I,920,15000,"10169,8"
01284UW   ,14/10/2012,46,5,I,25,13700,"10781,59"
01284UW   ,16/10/2012,36,5,I,16,13655,"20945,93"
01284UW   ,3/11/2012,46,5,I,87,"13405,14",3500
01284UW   ,10/10/2012,274,5,I,17,12370,0
00357DG   ,15/11/2012,22512_XFER,22512,I,1152,12133,"11300,9"
00357DG   ,28/11/2012,22512_XFER,22512,I,507,11614,"8729,6"
00357DG   ,5/12/2012,22512_XFER,22512,I,557,11176,"9751,6"
01196ZZ   ,15/12/2012,22512_XFER,22512,I,167,10896,10410
01284UW   ,1/11/2012,46,5,I,34,"10674,28",12210
01196ZZ   ,28/11/2012,22512_XFER,22512,I,106,10011,8736
01148BP   ,17/9/2012,2,9,I,30,9800,8200
01148BP   ,17/11/2012,2,9,I,28,"9252,5","15353,75"
00357DG   ,14/11/2012,22512_XFER,22512,I,1201,"9154,2","7138,3"
01148BP   ,9/10/2012,2,9,I,33,"9108,33","14245,83"
01196ZZ   ,8/12/2012,22512_XFER,22512,I,90,"8815,5",8595
00357DG   ,23/11/2012,22512_XFER,22512,I,998,8534,7082
00357DG   ,12/11/2012,613,0,I,988,"8472,6","8829,2"
01148BP   ,10/12/2012,2,9,I,22,"7687,5","6587,5"
01148BP   ,18/10/2012,2,9,I,17,7625,4925
01148BP   ,7/11/2012,2,9,I,18,"7493,75","1593,75"
00497XG   ,27/12/2012,601,0,I,1190,"7450,2","6870,91"
01148BP   ,21/10/2012,2,9,I,17,7450,2150
01284UW   ,11/10/2012,36,5,I,8,7150,0
00357DG   ,19/11/2012,22512_XFER,22512,I,1007,6918,"3831,35"
01284UW   ,14/10/2012,274,5,I,9,6550,"6453,33"
00357DG   ,12/11/2012,22512_XFER,22512,I,1042,6538,"5236,3"
00357DG   ,20/11/2012,22512_XFER,22512,I,711,6529,"3679,25"
01148BP   ,24/10/2012,2,9,I,18,"6015,63","8737,52"
01148BP   ,2/10/2012,2,9,I,20,"5915,65","5203,15"
01148BP   ,28/9/2012,2,9,I,19,"5887,5",7300
01148BP   ,17/10/2012,2,9,I,19,5800,6605
01148BP   ,27/11/2012,22512_XFER,22512,I,68,5760,6030
00357DG   ,8/11/2012,22512_XFER,22512,I,1482,"5652,4","3412,6"
01148BP   ,5/12/2012,2,9,I,17,5600,4200
01148BP   ,16/9/2012,2,9,I,21,"5560,18","5726,25"
01152SJ   ,1/12/2012,22528_PRCH,22528,I,3,"5451,3013",0
01148BP   ,1/12/2012,2,9,I,15,5350,7350
01148BP   ,9/12/2012,2,9,I,14,"5293,75","5393,75"
01284UW   ,31/10/2012,1,5,I,35,5290,5720
01148BP   ,20/9/2012,2,9,I,17,5250,5550
01148BP   ,25/10/2012,2,9,I,16,"5219,59","6857,42"
00357DG   ,29/11/2012,22512_XFER,22512,I,323,5018,"2367,3"
01148BP   ,3/10/2012,2,9,I,21,"4987,5",1975
01196ZZ   ,20/10/2012,3,8,I,25,4585,"3448,75"
01148BP   ,19/11/2012,2,9,I,15,"4491,15",4925
01148BP   ,6/11/2012,2,9,I,11,"4462,5","6487,5"
01148BP   ,14/9/2012,2,9,I,17,4460,"9228,13"
01148BP   ,1/11/2012,2,9,I,10,4390,840
01148BP   ,20/11/2012,2,9,I,11,4300,1550
01196ZZ   ,29/9/2012,2,9,I,20,4290,1825
01196ZZ   ,13/12/2012,22512_XFER,22512,I,39,4265,5940
01148BP   ,11/12/2012,2,9,I,11,4240,1840
01148BP   ,2/11/2012,2,9,I,8,"4237,5","5387,5"
01152SJ   ,17/10/2012,22527_PRCH,22527,I,6,"4234,6494",0
00357DG   ,6/11/2012,22512_XFER,22512,I,1056,4113,"3992,2"
01148BP   ,16/11/2012,2,9,I,11,"4106,25","6156,25"
01148BP   ,26/10/2012,2,9,I,12,"4062,5","3187,5"
00497XG   ,24/12/2012,638,0,I,1797,"4031,29","3325,75"
01148BP   ,8/11/2012,2,9,I,14,"4020,31","4564,06"
00497XG   ,25/12/2012,638,0,I,1198,"3938,31","2457,3"
01148BP   ,11/9/2012,2,9,I,15,3825,4625
01148BP   ,27/10/2012,2,9,I,14,"3802,5","3302,5"
01148BP   ,19/10/2012,2,9,I,9,3800,"7237,5"
01284UW   ,20/10/2012,1,5,I,7,3780,0
01148BP   ,23/11/2012,2,9,I,10,"3681,25","5431,25"
01196ZZ   ,23/12/2012,22512_XFER,22512,I,38,3660,3510
01148BP   ,9/11/2012,2,9,I,10,"3643,75",2800
01148BP   ,27/9/2012,2,9,I,12,3638,6000
01148BP   ,10/10/2012,2,9,I,10,"3595,45","1495,45"
01284UW   ,10/10/2012,36,5,I,9,3550,0
01152SJ   ,3/12/2012,22528_PRCH,22528,I,2,"3497,377",0
01148BP   ,1/9/2012,2,9,N,6,3470,1320
01152SJ   ,1/12/2012,22527_PRCH,22527,I,2,"3370,3864",0
01284UW   ,31/10/2012,46,5,I,36,3315,960
00357DG   ,22/11/2012,22512_XFER,22512,I,340,3310,2005
00497XG   ,27/12/2012,638,0,I,1230,"3295,93","2748,83"
01148BP   ,12/12/2012,2,9,I,11,3275,2275
00357DG   ,10/11/2012,22512_XFER,22512,I,826,3192,2335
01284UW   ,12/10/2012,36,5,I,12,3180,"25348,33"
00357DG   ,5/11/2012,22512_XFER,22512,I,709,3158,"3208,1"
01148BP   ,8/12/2012,2,9,M,11,3150,5100
01284UW   ,30/10/2012,46,5,I,25,3145,2380
01148BP   ,20/11/2012,3,8,I,8,"3137,5","1687,5"
01148BP   ,3/12/2012,2,9,I,7,2860,"3293,75"
01148BP   ,31/10/2012,2,9,I,7,2800,3000
01196ZZ   ,23/10/2012,2,9,I,11,2760,2000
00497XG   ,26/12/2012,638,0,I,986,"2742,5","1674,6"
01148BP   ,7/12/2012,2,9,M,7,2700,4950
01284UW   ,14/10/2012,36,5,I,7,2700,0
01196ZZ   ,23/9/2012,2,9,I,14,2650,1800
01284UW   ,15/10/2012,36,5,I,6,2600,0
01148BP   ,21/9/2012,2,9,I,8,2550,1550
01148BP   ,15/10/2012,2,9,I,8,2540,"1877,5"
01148BP   ,20/10/2012,2,9,N,7,"2536,72","4839,22"
01148BP   ,5/9/2012,2,9,I,13,2525,"3065,63"
01148BP   ,19/11/2012,3,8,I,7,2500,3200
01284UW   ,21/10/2012,274,5,I,2,2500,0
00357DG   ,9/11/2012,22512_XFER,22512,I,619,2428,"2557,6"
01148BP   ,16/10/2012,2,9,I,7,"2393,75","7331,25"
01152SJ   ,25/10/2012,22528_PRCH,22528,I,2,"2377,08",0
01152SJ   ,14/10/2012,22528_PRCH,22528,I,2,"2365,0121",0
01152SJ   ,25/10/2012,22527_PRCH,22527,I,2,"2313,7433",0
01148BP   ,19/12/2012,2,9,I,8,2275,1525
01196ZZ   ,19/11/2012,2,9,I,13,2223,"1848,73"
01148BP   ,29/9/2012,2,9,M,5,2200,900
01152SJ   ,16/10/2012,22527_PRCH,22527,I,5,"2177,5649",0
01148BP   ,30/11/2012,2,9,I,7,"2162,5","3912,5"
01152SJ   ,16/10/2012,22528_PRCH,22528,I,1,"2115,3487",0
01196ZZ   ,17/10/2012,2,9,I,14,2112,"557,05"
01196ZZ   ,8/12/2012,2,9,I,16,2030,"3475,5"
01148BP   ,26/11/2012,2,9,I,7,2020,3820
01148BP   ,18/9/2012,2,9,I,6,2008,0
01148BP   ,23/10/2012,2,9,I,5,2000,0
01148BP   ,13/11/2012,2,9,I,7,2000,"1837,5"
01284UW   ,2/11/2012,46,5,I,11,1985,"2325,56"
01284UW   ,30/10/2012,1,5,I,14,1980,2800
01152SJ   ,8/9/2012,22527_PRCH,22527,I,2,"1948,2058",0
01148BP   ,12/9/2012,2,9,I,9,1900,3300
01152SJ   ,3/12/2012,22527_PRCH,22527,I,1,"1873,5948",0
01152SJ   ,9/12/2012,22528_PRCH,22528,I,2,"1870,4408",0
01152SJ   ,28/12/2012,22527_PRCH,22527,I,1,"1859,6764",0
01148BP   ,10/11/2012,2,9,I,7,1850,2400
00357DG   ,13/11/2012,22512_XFER,22512,I,242,1835,"1662,5"
01148BP   ,22/10/2012,2,9,I,7,"1812,5","562,5"
01148BP   ,1/10/2012,2,9,I,5,1800,3125
01196ZZ   ,20/11/2012,2,9,I,5,1800,0
01152SJ   ,19/10/2012,22527_PRCH,22527,I,6,"1796,4444",0
01152SJ   ,9/9/2012,22528_PRCH,22528,I,4,"1785,2668",0
01196ZZ   ,17/11/2012,2,9,I,9,1770,"4270,5"
01152SJ   ,17/10/2012,22528_PRCH,22528,I,1,"1743,6792",0
01148BP   ,29/10/2012,2,9,I,6,"1737,5","1806,25"
01152SJ   ,20/10/2012,22527_PRCH,22527,I,6,"1705,9773",0
01148BP   ,15/9/2012,2,9,I,8,"1700,13",0
01148BP   ,11/10/2012,2,9,I,6,1700,0
01284UW   ,20/10/2012,46,5,I,7,1700,0
01148BP   ,17/10/2012,2,9,N,4,1680,0
01152SJ   ,9/12/2012,22527_PRCH,22527,I,2,"1644,7409",0
00357DG   ,12/11/2012,612,0,I,351,1640,"1325,25"
01148BP   ,15/9/2012,2,9,M,5,1640,1640
01148BP   ,2/12/2012,2,9,I,5,1600,2450
01148BP   ,18/10/2012,3,8,I,4,1595,2745
00357DG   ,2/11/2012,22512_XFER,22512,I,437,1580,"1337,1"
01152SJ   ,30/11/2012,22527_PRCH,22527,I,1,"1562,0119",0
01152SJ   ,15/10/2012,22527_PRCH,22527,I,2,"1557,7677",0
01284UW   ,23/12/2012,46,5,I,33,1554,"1369,69"
01148BP   ,22/9/2012,2,9,I,5,1550,0
01148BP   ,3/11/2012,2,9,I,3,1550,0
00497XG   ,30/12/2012,638,0,I,617,"1540,05","1295,26"
01152SJ   ,1/9/2012,22528_PRCH,22528,I,3,"1516,7794",0
00C017    ,23/11/2012,22527_PRCH,22527,I,4,1500,0
01148BP   ,23/11/2012,2,9,N,4,1500,900
01152SJ   ,4/10/2012,22528_PRCH,22528,I,3,"1479,4054",0
01148BP   ,7/9/2012,2,9,I,4,1450,0
01148BP   ,7/12/2012,2,9,N,2,1450,2200
01152SJ   ,2/12/2012,22527_PRCH,22527,I,1,"1436,9968",0
01196ZZ   ,17/11/2012,3,8,I,9,1414,550
01196ZZ   ,24/11/2012,2,9,I,12,1412,"406,5"
01148BP   ,18/11/2012,2,9,I,5,"1408,13","1556,88"
01148BP   ,6/9/2012,2,9,I,4,1400,0
01196ZZ   ,17/12/2012,22512_XFER,22512,I,16,1400,900
01152SJ   ,10/12/2012,22528_PRCH,22528,I,1,"1355,7315",0
01196ZZ   ,15/10/2012,2,9,I,5,1348,"3773,25"
01148BP   ,21/11/2012,2,9,I,3,"1337,5",900
01148BP   ,20/10/2012,2,9,I,5,1315,1275
01152SJ   ,8/12/2012,22527_PRCH,22527,I,1,"1309,9826",0
01152SJ   ,18/10/2012,22528_PRCH,22528,I,5,"1306,1579",0
01148BP   ,5/12/2012,2,9,N,3,1300,3600
01148BP   ,1/10/2012,2,9,N,4,1275,550
01148BP   ,26/11/2012,22512_XFER,22512,I,25,1270,1200
01152SJ   ,14/10/2012,22527_PRCH,22527,I,2,"1261,1322",0
01148BP   ,5/10/2012,2,9,I,9,1250,650
00C017    ,21/12/2012,22527_PRCH,22527,I,5,1230,0
01196ZZ   ,23/10/2012,22512_XFER,22512,I,613,"1225,6","901,1"
01148BP   ,27/10/2012,2,9,M,3,1225,0
00J381    ,6/12/2012,2,9,M,7,1200,500
01148BP   ,24/11/2012,2,9,I,4,1200,0
01196ZZ   ,17/10/2012,3,8,I,10,1200,1425
01196ZZ   ,16/11/2012,2,9,I,3,1200,0
01284UW   ,11/10/2012,46,5,I,1,1200,0
01152SJ   ,7/12/2012,22528_PRCH,22528,I,1,"1181,1464",0
00497XG   ,31/12/2012,638,0,I,817,"1180,12","590,33"
00J381    ,3/10/2012,2,9,M,9,1165,1725
01148BP   ,23/11/2012,2,9,M,4,1150,1000
00357DG   ,15/11/2012,635,0,I,204,1134,"918,5"
01148BP   ,25/10/2012,2,9,N,3,"1132,42",0
00497XG   ,31/12/2012,601,0,I,256,"1130,8","912,28"
01196ZZ   ,23/10/2012,3,8,I,5,1130,1350
01148BP   ,8/9/2012,2,9,I,7,1125,525
01284UW   ,4/11/2012,46,5,I,41,1125,996
01152SJ   ,4/12/2012,22527_PRCH,22527,I,13,"1121,0344",0
01152SJ   ,4/11/2012,22527_PRCH,22527,I,9,"1119,2637",0
00357DG   ,13/11/2012,613,0,I,182,"1114,75","649,15"
01152SJ   ,4/12/2012,22528_PRCH,22528,I,5,"1105,4211",0
01152SJ   ,13/10/2012,22528_PRCH,22528,I,1,"1060,9748",0
01152SJ   ,5/11/2012,22528_PRCH,22528,I,1,"1060,8424",0
01196ZZ   ,20/10/2012,2,9,I,7,1050,0
01196ZZ   ,15/10/2012,3,8,I,6,1047,700
01284UW   ,22/10/2012,46,5,I,3,1030,0
01284UW   ,23/10/2012,275,5,I,6,1025,0
01152SJ   ,18/10/2012,22527_PRCH,22527,I,3,"1024,3583",0
00J381    ,30/9/2012,2,9,M,6,"1015,78","3547,1"
01152SJ   ,26/12/2012,22528_PRCH,22528,I,2,"1013,6139",0
01148BP   ,12/10/2012,2,9,I,5,"1006,25","506,25"
01152SJ   ,9/9/2012,22527_PRCH,22527,I,1,"1002,2551",0
01148BP   ,28/9/2012,2,9,M,2,1000,0
01148BP   ,27/11/2012,2,9,I,3,1000,0
01148BP   ,12/12/2012,2,9,N,1,1000,0
01148BP   ,26/12/2012,2,9,N,2,1000,0
01196ZZ   ,23/9/2012,3,8,I,6,1000,2850
01284UW   ,19/10/2012,46,5,I,2,1000,0
01196ZZ   ,27/10/2012,2,9,I,19,977,563
00C017    ,29/12/2012,22527_PRCH,22527,I,4,950,0
01196ZZ   ,6/12/2012,22512_XFER,22512,I,12,950,1440
01152SJ   ,14/9/2012,22528_PRCH,22528,I,10,"933,8098",0
01148BP   ,30/10/2012,2,9,I,4,"912,5","3143,75"
00357DG   ,20/11/2012,635,0,I,178,907,"681,8"
00C017    ,30/11/2012,22527_PRCH,22527,I,7,900,0
00J381    ,16/9/2012,2,9,M,4,900,900
01148BP   ,18/10/2012,2,9,N,3,900,1050
01148BP   ,21/10/2012,2,9,M,2,900,0
01148BP   ,4/12/2012,2,9,M,3,900,750
01152SJ   ,7/12/2012,22527_PRCH,22527,I,1,"870,0242",0
00C017    ,25/11/2012,22527_PRCH,22527,I,2,870,0
00J381    ,28/9/2012,2,9,M,6,"863,13",0
01152SJ   ,26/9/2012,22528_PRCH,22528,I,3,"859,7509",0
00J381    ,28/12/2012,323,9,M,3,"856,25",0
00C017    ,28/11/2012,22527_PRCH,22527,I,3,855,0
01284UW   ,22/12/2012,1,5,I,53,840,"376,79"
01148BP   ,14/11/2012,2,9,I,4,"837,5",0
01148BP   ,28/9/2012,2,9,N,2,825,"1312,5"
01152SJ   ,30/12/2012,22527_PRCH,22527,I,2,"824,8574",0
01148BP   ,14/9/2012,2,9,M,2,818,0
01196ZZ   ,24/9/2012,22512_XFER,22512,I,408,"814,8",689
01284UW   ,31/10/2012,36,5,I,5,810,0
01152SJ   ,27/12/2012,22527_PRCH,22527,I,1,"806,0617",0
00C017    ,24/11/2012,22527_PRCH,22527,I,3,800,0
00C017    ,15/12/2012,22527_PRCH,22527,I,3,800,0
00J381    ,9/9/2012,2,9,N,4,800,"1127,38"
01148BP   ,24/11/2012,2,9,N,2,800,0
01148BP   ,30/11/2012,2,9,M,2,800,1150
00357DG   ,14/11/2012,635,0,I,131,"785,5","575,95"
01284UW   ,2/12/2012,46,5,I,23,"784,5","635,85"
00J381    ,27/12/2012,323,9,M,3,780,"1056,25"
01196ZZ   ,29/9/2012,3,8,I,7,775,0
01152SJ   ,26/9/2012,22527_PRCH,22527,I,15,"770,9384",0
01152SJ   ,6/12/2012,22528_PRCH,22528,I,1,"756,3808",0
00J381    ,15/9/2012,323,9,M,3,"751,65","748,87"
01148BP   ,21/9/2012,2,9,N,2,750,0
01148BP   ,15/12/2012,2,9,I,2,750,0
01148BP   ,20/12/2012,2,9,I,3,750,0
01284UW   ,2/12/2012,273,3,I,6,750,925
01284UW   ,23/12/2012,1,5,I,21,731,"685,33"
00J381    ,9/11/2012,323,9,M,5,730,"813,75"
00C017    ,10/9/2012,22508_STKE,22508,I,131,"724,8",0
00C017    ,1/12/2012,22527_PRCH,22527,I,2,700,0
00J381    ,17/9/2012,2,9,M,4,700,900
00J381    ,10/11/2012,2,9,M,5,700,1200
01148BP   ,13/9/2012,2,9,I,3,700,0
01148BP   ,4/11/2012,2,9,I,3,700,475
01148BP   ,16/11/2012,2,9,M,2,700,1300
01152SJ   ,4/9/2012,22528_PRCH,22528,I,3,"698,979",0
01148BP   ,5/9/2012,2,9,N,2,"690,63",0
00C017    ,7/12/2012,22527_PRCH,22527,I,6,680,0
00C017    ,14/12/2012,22527_PRCH,22527,I,4,680,0
01284UW   ,22/12/2012,46,5,I,29,676,816
01284UW   ,30/11/2012,273,3,I,17,675,"1018,12"
01152SJ   ,13/12/2012,22527_PRCH,22527,I,9,"671,3076",0
00J381    ,13/11/2012,2,9,M,4,"664,38",800
01152SJ   ,11/12/2012,22527_PRCH,22527,I,4,"662,2825",0
01152SJ   ,12/9/2012,22528_PRCH,22528,I,6,"656,291",0
00J381    ,28/12/2012,2,9,M,3,"656,24","756,25"
00357DG   ,16/11/2012,22512_XFER,22512,I,92,656,"304,7"
00C017    ,28/9/2012,22508_STKE,22508,I,48,656,0
00C017    ,14/9/2012,22527_PRCH,22527,I,3,650,0
00J381    ,22/9/2012,2,9,M,5,650,866
00J381    ,11/10/2012,323,9,M,3,650,0
01148BP   ,19/11/2012,2,9,M,2,650,0
01284UW   ,12/10/2012,1,5,I,2,650,0
01152SJ   ,4/9/2012,22527_PRCH,22527,I,1,"630,2786",0
01196ZZ   ,20/12/2012,22512_XFER,22512,I,5,630,180
00J381    ,7/10/2012,2,9,M,3,626,352
00357DG   ,12/10/2012,22512_XFER,22512,I,294,625,"946,9"
00C017    ,21/9/2012,22527_PRCH,22527,I,3,625,0
01152SJ   ,22/10/2012,22528_PRCH,22528,I,4,"624,8048",0
01152SJ   ,23/10/2012,22528_PRCH,22528,I,4,"624,8048",0
01152SJ   ,28/11/2012,22528_PRCH,22528,I,1,"624,1808",0
01152SJ   ,27/10/2012,22528_PRCH,22528,I,1,"623,6014",0
01152SJ   ,1/10/2012,22527_PRCH,22527,I,1,"620,0903",0
00357DG   ,17/11/2012,638,0,I,133,602,"548,1"
01148BP   ,4/9/2012,2,9,I,2,600,0
01148BP   ,19/10/2012,2,9,N,1,600,0
01148BP   ,11/11/2012,2,9,I,2,600,600
01148BP   ,29/11/2012,2,9,I,3,600,1500
01196ZZ   ,28/11/2012,3,8,I,3,600,0
00775SM   ,7/10/2012,22508_STKE,22508,I,569,"587,2",0
01152SJ   ,6/9/2012,22528_PRCH,22528,I,3,"586,717",0
00J381    ,2/10/2012,2,9,M,4,580,0
00J381    ,7/10/2012,46,5,M,7,575,0
00C017    ,12/10/2012,22527_PRCH,22527,I,2,570,0
00357DG   ,26/11/2012,635,0,I,76,564,"347,9"
01152SJ   ,11/10/2012,22528_PRCH,22528,I,4,"561,7977",0
01152SJ   ,28/11/2012,22527_PRCH,22527,I,1,"561,7627",0
00C017    ,18/11/2012,22527_PRCH,22527,I,2,560,0
00J381    ,9/12/2012,323,9,M,2,560,0
01284UW   ,25/10/2012,275,5,I,11,560,"441,63"
01152SJ   ,30/9/2012,22528_PRCH,22528,I,6,"555,3497",0
00J381    ,2/10/2012,42,4,M,2,550,"484,62"
01196ZZ   ,17/11/2012,1,5,I,7,550,"109,15"
00C017    ,16/11/2012,22527_PRCH,22527,I,2,545,0
00J381    ,14/9/2012,2,9,M,3,540,"866,67"
00J381    ,30/9/2012,46,5,M,6,540,1120
00J381    ,2/10/2012,275,5,M,7,540,780
01148BP   ,3/12/2012,2,9,N,1,"538,75",0
00J381    ,23/9/2012,42,4,M,3,"536,75",0
01196ZZ   ,15/12/2012,2,9,I,6,536,572
00C017    ,2/12/2012,22508_STKE,22508,I,56,"531,9",0
00J381    ,23/9/2012,1,5,M,10,520,600
00J381    ,17/10/2012,2,9,M,3,520,525
00J381    ,28/11/2012,2,9,M,3,520,0
00J381    ,19/9/2012,323,9,M,3,"510,75",0
01284UW   ,10/10/2012,1,5,I,4,510,0
01152SJ   ,5/9/2012,22527_PRCH,22527,I,4,"503,8416",0
00J381    ,1/10/2012,42,4,M,2,"502,1","414,72"
00J381    ,5/12/2012,275,5,N,3,"500,25","674,07"
00C017    ,7/9/2012,22527_PRCH,22527,I,2,500,0
00C017    ,5/10/2012,22527_PRCH,22527,I,3,500,0
00C017    ,9/11/2012,22527_PRCH,22527,I,2,500,0
00C017    ,20/11/2012,22527_PRCH,22527,I,2,500,0
00J381    ,26/12/2012,323,9,M,3,500,"1519,38"
01148BP   ,3/9/2012,2,9,I,2,500,0
01148BP   ,6/9/2012,2,9,N,2,500,0
01148BP   ,13/9/2012,,0,N,1,500,500
01148BP   ,13/9/2012,2,9,N,1,500,850
01148BP   ,16/9/2012,2,9,M,1,500,"954,55"
01148BP   ,25/9/2012,2,9,I,3,500,0
01148BP   ,1/10/2012,2,9,M,1,500,1400
01148BP   ,13/10/2012,2,9,I,2,500,0
01148BP   ,23/10/2012,2,9,N,1,500,0
01148BP   ,7/11/2012,2,9,N,1,500,1875
01148BP   ,6/12/2012,2,9,M,1,500,1250
01148BP   ,8/12/2012,2,9,I,2,500,900
01196ZZ   ,8/10/2012,2,9,I,3,500,0
01152SJ   ,6/11/2012,22527_PRCH,22527,I,1,"499,2511",0
01152SJ   ,26/12/2012,22527_PRCH,22527,I,1,"493,5025",0
01152SJ   ,18/12/2012,22528_PRCH,22528,I,4,"489,6747",0
01284UW   ,3/12/2012,46,5,I,22,487,455
00J381    ,28/11/2012,323,9,M,2,480,0
01284UW   ,20/12/2012,46,5,I,31,"477,5","570,45"
00J381    ,21/11/2012,2,9,M,3,475,675
01284UW   ,30/10/2012,274,5,I,8,475,0
01152SJ   ,6/9/2012,22527_PRCH,22527,I,4,"472,1435",0
01148BP   ,24/10/2012,2,9,N,2,"471,89","1394,59"
01284UW   ,26/10/2012,1,5,I,4,470,0
00357DG   ,26/10/2012,22512_XFER,22512,I,237,461,"210,3"
00J381    ,12/9/2012,2,9,N,3,"460,89","1476,23"
00C017    ,28/9/2012,22527_PRCH,22527,I,3,460,0
01196ZZ   ,25/9/2012,3,8,I,5,460,270
00J381    ,5/12/2012,323,9,M,3,456,"656,25"
00J381    ,22/9/2012,1,5,M,2,450,920
00J381    ,28/9/2012,42,4,M,4,450,"647,5"
00J381    ,23/11/2012,323,9,M,4,450,0
01148BP   ,9/10/2012,2,9,N,1,450,0
01196ZZ   ,26/10/2012,2,9,I,5,450,0
01284UW   ,10/10/2012,46,5,I,2,450,0
01152SJ   ,12/12/2012,22527_PRCH,22527,I,6,"448,6818",0
00C017    ,2/9/2012,22527_PRCH,22527,I,3,445,0
00J381    ,3/10/2012,323,9,M,3,"444,62",0
00J381    ,10/9/2012,323,9,N,2,440,0
00J381    ,28/9/2012,323,9,M,3,430,650
00J381    ,17/11/2012,1,5,M,6,430,0
01284UW   ,2/12/2012,274,5,I,22,427,100
00357DG   ,6/12/2012,22512_XFER,22512,I,42,420,255
00J381    ,22/9/2012,5,11,M,2,420,0
01152SJ   ,7/11/2012,22527_PRCH,22527,I,5,"418,8285",0
00357DG   ,3/11/2012,22512_XFER,22512,I,118,416,"316,4"
01148BP   ,27/9/2012,2,9,M,1,412,0
00J381    ,17/11/2012,323,9,M,3,"410,75",0
00775SM   ,30/9/2012,22508_STKE,22508,I,123,"403,1",0
01284UW   ,3/12/2012,273,3,I,13,403,"485,26"
01152SJ   ,6/12/2012,22527_PRCH,22527,I,1,"400,5465",0
01152SJ   ,13/10/2012,22527_PRCH,22527,I,1,"400,0499",0
00C017    ,2/12/2012,22527_PRCH,22527,I,1,400,0
00J381    ,7/10/2012,323,9,M,1,400,0
00J381    ,9/10/2012,,0,N,1,400,0
00J381    ,11/11/2012,323,9,N,1,400,0
00J381    ,13/11/2012,323,9,N,1,400,0
00J381    ,31/12/2012,323,9,M,1,400,0
01148BP   ,16/9/2012,1,5,I,1,400,820
01148BP   ,16/9/2012,1,5,M,1,400,"359,38"
01148BP   ,2/10/2012,2,9,N,1,400,0
01148BP   ,14/10/2012,2,9,I,1,400,0
01148BP   ,24/11/2012,2,9,M,3,400,0
01148BP   ,29/11/2012,2,9,N,1,400,0
01196ZZ   ,25/9/2012,2,9,I,2,400,450
00J381    ,27/11/2012,2,9,M,2,"393,4",0
01196ZZ   ,24/11/2012,3,8,I,4,390,"672,5"
01196ZZ   ,16/10/2012,3,8,I,3,385,"362,5"
00J381    ,7/10/2012,1,5,M,6,380,0
00J381    ,22/12/2012,323,9,M,2,380,0
01148BP   ,5/11/2012,2,9,I,2,375,0
01152SJ   ,13/9/2012,22528_PRCH,22528,I,5,"374,3682",0
01152SJ   ,15/9/2012,22528_PRCH,22528,I,2,"372,2777",0
00J381    ,20/12/2012,323,9,M,2,"367,5",0
00J381    ,16/9/2012,1,5,M,9,360,0
00J381    ,29/12/2012,323,9,N,2,360,0
00357DG   ,8/11/2012,613,0,I,178,354,203
01284UW   ,4/11/2012,274,5,I,17,354,100
00C017    ,18/10/2012,22527_PRCH,22527,I,2,350,0
00C017    ,9/12/2012,22527_PRCH,22527,I,1,350,0
00J381    ,24/9/2012,323,9,N,2,350,0
00J381    ,3/10/2012,275,5,M,5,350,0
00J381    ,4/10/2012,323,9,M,2,350,0
00J381    ,8/10/2012,2,9,M,2,350,0
00J381    ,22/11/2012,323,9,M,2,350,"1185,94"
00J381    ,10/12/2012,323,9,M,2,350,0
00J381    ,12/12/2012,323,9,M,2,350,0
00J381    ,30/12/2012,323,9,M,2,350,"1340,63"
01148BP   ,2/12/2012,2,9,M,1,350,0
01196ZZ   ,28/11/2012,22528_PRCH,22528,I,2,350,0
01196ZZ   ,1/12/2012,2,9,I,1,350,0
01284UW   ,1/11/2012,275,5,I,4,350,0
00C017    ,7/10/2012,22527_PRCH,22527,I,3,"348,55",0
00J381    ,30/9/2012,40,6,M,2,340,0
01148BP   ,10/10/2012,2,9,N,1,"337,5",0
00J381    ,17/9/2012,1,5,M,5,335,0
00C017    ,8/9/2012,22527_PRCH,22527,I,2,330,0
00C017    ,26/10/2012,22527_PRCH,22527,I,2,330,0
00357DG   ,21/11/2012,22512_XFER,22512,I,58,324,"124,2"
01152SJ   ,8/10/2012,22527_PRCH,22527,I,3,"322,2607",0
00357DG   ,19/11/2012,635,0,I,107,321,"141,6"
00C017    ,2/11/2012,22527_PRCH,22527,I,2,320,0
00J381    ,10/10/2012,323,9,M,3,320,0
00J381    ,12/11/2012,2,9,M,2,320,660
00J381    ,27/12/2012,42,4,M,1,319,0
00J381    ,1/10/2012,2,9,M,2,"316,67",0
01152SJ   ,11/10/2012,22527_PRCH,22527,I,1,"312,1099",0
01152SJ   ,6/11/2012,22528_PRCH,22528,I,5,"312,032",0
00J381    ,8/10/2012,19,1,M,1,"311,31",0
00C017    ,14/10/2012,22527_PRCH,22527,I,1,310,0
00J381    ,10/10/2012,2,9,M,2,310,780
00J381    ,2/10/2012,323,9,M,2,"308,05",0
00J381    ,11/12/2012,1,5,M,2,308,0
00J381    ,17/9/2012,323,9,M,2,"306,26","528,13"
01152SJ   ,4/10/2012,22527_PRCH,22527,I,1,"305,3577",0
00J381    ,17/10/2012,323,9,M,2,305,0
00C017    ,3/9/2012,22527_PRCH,22527,I,2,300,0
00C017    ,19/10/2012,22527_PRCH,22527,I,1,300,0
00J381    ,1/9/2012,323,9,M,4,300,0
00J381    ,13/9/2012,323,9,N,2,300,0
00J381    ,18/9/2012,323,9,M,2,300,"893,75"
00J381    ,5/10/2012,323,9,M,2,300,0
00J381    ,15/10/2012,323,9,M,2,300,0
00J381    ,30/10/2012,323,9,N,2,300,0
00J381    ,8/11/2012,323,9,M,2,300,0
00J381    ,14/11/2012,323,9,M,2,300,0
00J381    ,15/11/2012,2,9,N,2,300,0
00J381    ,23/11/2012,2,9,M,2,300,0
00J381    ,4/12/2012,323,9,M,2,300,0
00J381    ,16/12/2012,323,9,M,2,300,0
00J381    ,21/12/2012,323,9,M,2,300,0
01148BP   ,26/10/2012,2,9,M,2,300,250
01148BP   ,6/12/2012,2,9,I,1,300,0
00357DG   ,11/12/2012,CSH_PPAL,0,I,0,"295,21",0
01284UW   ,5/11/2012,274,5,I,12,295,"254,55"
01152SJ   ,19/9/2012,22528_PRCH,22528,I,4,"292,6138",0
00J381    ,21/9/2012,323,9,N,2,290,0
01196ZZ   ,18/9/2012,2,9,I,3,285,0
01152SJ   ,1/9/2012,22527_PRCH,22527,I,2,"284,3962",0
00J381    ,18/9/2012,275,5,M,5,283,0
00J381    ,10/11/2012,323,9,M,2,"281,5","1584,38"
00C017    ,1/9/2012,22527_PRCH,22527,I,2,281,0
00J381    ,22/11/2012,2,9,N,3,280,0
00J381    ,27/9/2012,42,4,M,2,"277,5","277,5"
01196ZZ   ,18/11/2012,2,9,I,1,275,0
00J381    ,25/11/2012,2,9,N,2,274,0
00357DG   ,25/10/2012,22512_XFER,22512,I,136,272,"142,6"
00J381    ,16/9/2012,323,9,M,2,"270,87","528,13"
00J381    ,2/11/2012,323,9,N,2,270,0
01148BP   ,3/12/2012,2,9,M,1,268,938
01196ZZ   ,20/10/2012,1,5,I,2,267,"427,35"
01284UW   ,4/12/2012,275,5,I,15,267,0
00C017    ,30/12/2012,22527_PRCH,22527,I,1,260,0
00J381    ,1/10/2012,323,9,M,1,260,0
00J381    ,12/11/2012,323,9,M,2,260,0
01284UW   ,30/11/2012,46,5,I,17,260,0
00J381    ,16/9/2012,40,6,M,2,258,0
00C017    ,11/9/2012,22527_PRCH,22527,I,2,250,0
00C017    ,11/10/2012,22527_PRCH,22527,I,2,250,0
00C017    ,27/10/2012,22527_PRCH,22527,I,1,250,0
00C017    ,31/10/2012,22527_PRCH,22527,I,2,250,0
00C017    ,21/11/2012,22527_PRCH,22527,I,1,250,0
00C017    ,27/11/2012,22527_PRCH,22527,I,2,250,0
00J381    ,18/9/2012,19,1,M,1,250,0
00J381    ,24/11/2012,2,9,N,1,250,1500
00J381    ,27/11/2012,1,5,M,3,250,0
00J381    ,14/12/2012,323,9,N,2,250,0
00J381    ,18/12/2012,2,9,N,1,250,0
00J381    ,19/12/2012,323,9,M,2,250,"687,5"
01148BP   ,2/9/2012,2,9,I,1,250,0
01148BP   ,24/9/2012,2,9,N,1,250,0
01148BP   ,6/11/2012,2,9,N,1,250,2500
01148BP   ,8/11/2012,2,9,N,1,250,0
01148BP   ,21/11/2012,2,9,M,1,250,"687,5"
01148BP   ,4/12/2012,2,9,I,5,250,400
01196ZZ   ,13/10/2012,2,9,M,4,250,1175
01152SJ   ,23/12/2012,22527_PRCH,22527,I,6,"249,5377",0
00J381    ,16/9/2012,325,13,M,1,"248,13","496,26"
00J381    ,6/12/2012,42,4,M,1,244,0
00J381    ,23/9/2012,323,9,M,1,240,0
01196ZZ   ,16/10/2012,2,9,I,4,240,550
01196ZZ   ,29/9/2012,22528_PRCH,22528,I,3,237,0
01284UW   ,24/12/2012,273,3,I,10,"232,9","300,71"
00C017    ,3/12/2012,22527_PRCH,22527,I,3,230,0
00J381    ,5/9/2012,323,9,N,2,230,0
00J381    ,12/10/2012,2,9,N,2,230,0
00J381    ,4/11/2012,323,9,N,2,230,0
00J381    ,19/11/2012,2,9,M,4,230,0
00497XG   ,2/9/2012,452,0,I,369,"228,31","123,36"
01196ZZ   ,18/9/2012,22512_XFER,22512,I,79,"227,8",112
00J381    ,7/10/2012,40,6,M,1,"227,25",900
01284UW   ,4/12/2012,46,5,I,8,226,304
01196ZZ   ,16/10/2012,36,5,I,5,225,0
01196ZZ   ,10/11/2012,2,9,I,3,225,175
01196ZZ   ,13/12/2012,22528_PRCH,22528,I,2,225,0
01152SJ   ,15/9/2012,22527_PRCH,22527,I,2,"223,3667",0
00497XG   ,30/12/2012,601,0,I,85,"222,4","156,5"
00J381    ,30/9/2012,42,4,M,1,220,0
00J381    ,27/10/2012,2,9,M,2,220,600
00J381    ,27/10/2012,1,5,N,2,220,0
00J381    ,27/10/2012,2,9,N,2,220,0
00J381    ,27/10/2012,323,9,M,2,220,0
00J381    ,19/12/2012,2,9,M,1,220,0
01284UW   ,25/10/2012,274,5,I,2,220,0
01152SJ   ,17/12/2012,22528_PRCH,22528,I,5,"216,3966",0
01284UW   ,25/12/2012,274,5,I,6,216,"12,69"
01152SJ   ,30/10/2012,22528_PRCH,22528,I,1,"215,4744",0
01284UW   ,25/12/2012,1,5,I,13,213,"41,37"
00J381    ,20/10/2012,1,5,M,1,212,0
01196ZZ   ,18/10/2012,2,9,I,1,207,0
00J381    ,23/11/2012,40,6,M,2,"205,94",0
00J381    ,23/9/2012,2,9,M,1,204,0
00J381    ,9/11/2012,2,9,M,1,"202,25",0
00357DG   ,15/9/2012,22512_XFER,22512,I,101,202,"127,1"
00C017    ,15/9/2012,22527_PRCH,22527,I,1,200,0
00C017    ,29/9/2012,22527_PRCH,22527,I,2,200,0
00C017    ,25/10/2012,22527_PRCH,22527,I,1,200,0
00C017    ,24/11/2012,2,9,I,4,200,400
00J381    ,6/9/2012,323,9,N,2,200,0
00J381    ,8/9/2012,2,9,M,1,200,0
00J381    ,9/9/2012,323,9,N,1,200,"406,25"
00J381    ,11/9/2012,323,9,N,1,200,0
00J381    ,14/9/2012,2,9,N,1,200,"568,75"
00J381    ,24/9/2012,2,9,N,1,200,0
00J381    ,30/9/2012,323,9,N,1,200,"3300,78"
00J381    ,5/10/2012,2,9,M,1,200,0
00J381    ,6/10/2012,323,9,M,1,200,0
00J381    ,8/10/2012,323,9,M,1,200,0
00J381    ,9/10/2012,323,9,M,1,200,0
00J381    ,11/10/2012,2,9,M,1,200,0
00J381    ,14/10/2012,323,9,M,2,200,0
00J381    ,16/10/2012,2,9,N,1,200,0
00J381    ,24/10/2012,323,9,M,2,200,0
00J381    ,25/10/2012,2,9,M,2,200,0
00J381    ,5/11/2012,2,9,M,1,200,0
00J381    ,10/11/2012,2,9,N,1,200,0
00J381    ,14/11/2012,40,6,M,1,200,0
00J381    ,17/11/2012,5,11,M,1,200,0
00J381    ,18/11/2012,323,9,M,1,200,0
00J381    ,20/11/2012,323,9,N,1,200,0
00J381    ,25/11/2012,1,5,N,4,200,0
00J381    ,26/11/2012,2,9,M,1,200,700
00J381    ,30/11/2012,323,9,M,1,200,0
00J381    ,1/12/2012,323,9,M,1,200,0
00J381    ,8/12/2012,323,9,M,1,200,0
00J381    ,11/12/2012,1,5,I,1,200,0
00J381    ,11/12/2012,323,9,M,1,200,"528,13"
00J381    ,14/12/2012,2,9,M,1,200,0
00J381    ,16/12/2012,1,5,N,2,200,0
00J381    ,17/12/2012,323,9,M,1,200,0
00J381    ,23/12/2012,323,9,M,1,200,0
01148BP   ,10/9/2012,2,9,I,1,200,0
01148BP   ,11/9/2012,2,9,N,1,200,0
01148BP   ,19/9/2012,2,9,I,1,200,0
01148BP   ,30/9/2012,2,9,M,1,200,0
01148BP   ,31/10/2012,2,9,N,1,200,0
01148BP   ,22/11/2012,2,9,I,1,200,0
01196ZZ   ,20/10/2012,22528_PRCH,22528,I,1,200,0
01196ZZ   ,7/12/2012,22512_XFER,22512,I,2,200,0
01196ZZ   ,21/12/2012,22512_XFER,22512,I,1,200,0
01284UW   ,30/10/2012,36,5,I,2,200,0
00C017    ,18/9/2012,22527_PRCH,22527,I,1,190,0
00C017    ,21/10/2012,22527_PRCH,22527,I,2,190,0
01152SJ   ,10/10/2012,22528_PRCH,22528,I,1,"186,6368",0
01152SJ   ,4/11/2012,22528_PRCH,22528,I,1,"186,544",0
00J381    ,8/9/2012,2,9,N,1,180,0
00J381    ,27/9/2012,2,9,M,2,180,0
00J381    ,20/10/2012,323,9,M,1,180,"402,19"
00J381    ,16/11/2012,323,9,M,1,180,"1608,75"
00J381    ,29/12/2012,1,5,M,3,180,0
01196ZZ   ,29/9/2012,1,5,I,5,180,"91,67"
00J381    ,17/11/2012,2,9,M,1,178,0
01152SJ   ,13/12/2012,22528_PRCH,22528,I,4,"174,0428",0
01152SJ   ,19/10/2012,22528_PRCH,22528,I,1,"171,9011",0
00J381    ,30/9/2012,1,5,M,4,170,0
00J381    ,30/11/2012,2,9,N,1,170,0
01152SJ   ,20/9/2012,22528_PRCH,22528,I,1,"160,0591",0
00C017    ,28/10/2012,22527_PRCH,22527,I,1,160,0
00J381    ,19/10/2012,2,9,N,1,160,0
00J381    ,29/12/2012,,0,N,1,160,0
01196ZZ   ,23/9/2012,1,5,M,2,160,"300,91"
00J381    ,29/9/2012,1,5,M,5,155,0
01284UW   ,8/12/2012,46,5,I,14,155,"97,75"
00J381    ,10/9/2012,45,17,M,1,"153,63",0
00C017    ,10/11/2012,22527_PRCH,22527,I,2,"152,99",0
00357DG   ,5/12/2012,635,0,I,33,151,"41,6"
00J381    ,26/11/2012,323,9,M,1,"150,31","1343,4"
00C017    ,16/9/2012,22527_PRCH,22527,I,2,150,0
00C017    ,4/12/2012,22527_PRCH,22527,I,1,150,0
00C017    ,12/12/2012,22527_PRCH,22527,I,2,150,0
00C017    ,23/12/2012,22527_PRCH,22527,I,1,150,0
00J381    ,2/9/2012,323,9,M,1,150,0
00J381    ,3/9/2012,323,9,M,1,150,0
00J381    ,12/9/2012,323,9,N,1,150,0
00J381    ,14/9/2012,323,9,M,1,150,0
00J381    ,15/9/2012,1,5,M,1,150,0
00J381    ,15/9/2012,323,9,N,1,150,0
00J381    ,18/9/2012,2,9,M,1,150,0
00J381    ,19/9/2012,2,9,M,1,150,0
00J381    ,20/9/2012,323,9,M,1,150,0
00J381    ,20/9/2012,323,9,N,1,150,0
00J381    ,23/9/2012,40,6,M,1,150,0
00J381    ,26/9/2012,2,9,M,2,150,0
00J381    ,26/9/2012,323,9,M,1,150,0
00J381    ,4/10/2012,42,4,M,1,150,0
00J381    ,6/10/2012,2,9,M,1,150,"1406,25"
00J381    ,13/10/2012,40,6,M,1,150,0
00J381    ,13/10/2012,323,9,M,1,150,0
00J381    ,16/10/2012,323,9,N,1,150,0
00J381    ,19/10/2012,323,9,N,1,150,0
00J381    ,21/10/2012,323,9,N,1,150,0
00J381    ,25/10/2012,323,9,N,1,150,0
00J381    ,26/10/2012,323,9,M,1,150,0
00J381    ,1/11/2012,323,9,N,1,150,0
00J381    ,19/11/2012,323,9,M,1,150,0
00J381    ,21/11/2012,323,9,M,1,150,0
00J381    ,21/11/2012,323,9,N,1,150,0
00J381    ,22/11/2012,2,9,M,1,150,0
00J381    ,24/11/2012,,0,N,1,150,0
00J381    ,25/11/2012,323,9,N,1,150,0
00J381    ,29/11/2012,2,9,M,1,150,0
00J381    ,29/11/2012,323,9,M,1,150,0
00J381    ,2/12/2012,323,9,M,1,150,0
00J381    ,3/12/2012,323,9,M,1,150,0
00J381    ,7/12/2012,2,9,N,1,150,0
00J381    ,7/12/2012,323,9,N,1,150,0
00J381    ,13/12/2012,323,9,M,1,150,0
01284UW   ,14/10/2012,1,5,I,1,150,0
01284UW   ,1/11/2012,274,5,I,1,150,0
00357DG   ,8/12/2012,22512_XFER,22512,I,19,148,"17,3"
01284UW   ,27/10/2012,46,5,I,3,145,0
00J381    ,17/9/2012,40,6,M,1,"143,13",0
01284UW   ,13/11/2012,46,5,I,15,"141,5","192,41"
00J381    ,4/9/2012,2,9,N,1,140,0
00J381    ,9/9/2012,40,6,N,1,140,0
00J381    ,22/9/2012,2,9,N,1,140,0
00J381    ,22/9/2012,323,9,M,1,140,0
00J381    ,25/9/2012,323,9,M,1,140,0
00J381    ,18/10/2012,2,9,N,1,140,0
01284UW   ,31/10/2012,274,5,I,2,140,0
01152SJ   ,7/9/2012,22527_PRCH,22527,I,1,"138,5216",0
01152SJ   ,18/12/2012,22527_PRCH,22527,I,1,"137,5665",0
01152SJ   ,17/12/2012,22527_PRCH,22527,I,1,"135,7116",0
00C017    ,29/12/2012,22508_STKE,22508,I,26,"133,5",0
00J381    ,5/11/2012,323,9,M,1,130,0
00J381    ,30/11/2012,323,9,N,1,130,0
00J381    ,6/12/2012,323,9,M,1,130,0
00357DG   ,26/11/2012,182,0,I,63,126,"91,66"
01152SJ   ,8/9/2012,22528_PRCH,22528,I,1,"125,6834",0
01152SJ   ,30/10/2012,22527_PRCH,22527,I,1,"125,4347",0
00J381    ,29/9/2012,323,9,M,1,125,0
01148BP   ,3/10/2012,2,9,N,1,125,0
01152SJ   ,24/10/2012,22528_PRCH,22528,I,1,"124,8284",0
01152SJ   ,27/11/2012,22528_PRCH,22528,I,1,"124,7738",0
00C017    ,5/9/2012,22527_PRCH,22527,I,1,122,0
01284UW   ,24/12/2012,274,5,I,7,"121,7","0,46"
00J381    ,27/12/2012,2,9,M,1,"120,38",0
00C017    ,10/9/2012,22527_PRCH,22527,I,1,120,0
00C017    ,14/11/2012,22527_PRCH,22527,I,1,120,0
00J381    ,8/9/2012,323,9,N,1,120,0
00J381    ,14/9/2012,323,9,N,1,120,0
00J381    ,27/9/2012,323,9,M,2,120,"625,63"
00J381    ,29/9/2012,2,9,M,1,120,0
00J381    ,18/10/2012,323,9,N,1,120,0
00J381    ,23/10/2012,275,5,N,1,120,0
00J381    ,27/10/2012,323,9,N,1,120,0
00J381    ,3/11/2012,323,9,I,1,120,0
00357DG   ,20/11/2012,638,0,I,58,116,90
00J381    ,22/9/2012,,0,N,1,116,"1036,75"
01284UW   ,4/12/2012,274,5,I,3,115,"91,88"
00J381    ,3/11/2012,323,9,N,1,110,0
01196ZZ   ,13/10/2012,3,8,M,2,105,"52,5"
01284UW   ,23/12/2012,274,5,I,4,102,0
00J381    ,7/12/2012,323,9,M,1,"100,07",0
00357DG   ,17/11/2012,275,5,I,2,100,0
00C017    ,6/9/2012,22527_PRCH,22527,I,1,100,0
00C017    ,9/9/2012,22527_PRCH,22527,I,1,100,0
00C017    ,10/10/2012,22527_PRCH,22527,I,1,100,0
00C017    ,6/11/2012,22527_PRCH,22527,I,1,100,0
00C017    ,11/11/2012,22527_PRCH,22527,I,1,100,0
00J381    ,4/9/2012,323,9,M,1,100,0
00J381    ,11/9/2012,2,9,N,1,100,0
00J381    ,26/9/2012,1,5,M,2,100,0
00J381    ,28/9/2012,40,6,M,1,100,0
00J381    ,4/10/2012,40,6,M,1,100,0
00J381    ,9/10/2012,2,9,M,1,100,0
00J381    ,28/10/2012,323,9,N,1,100,0
00J381    ,31/10/2012,2,9,N,1,100,0
00J381    ,31/10/2012,323,9,N,1,100,0
00J381    ,10/11/2012,1,5,N,1,100,0
00J381    ,15/11/2012,323,9,N,1,100,0
00J381    ,22/11/2012,275,5,N,2,100,0
00J381    ,24/11/2012,323,9,M,1,100,0
01196ZZ   ,1/9/2012,2,9,I,1,100,0
01196ZZ   ,1/9/2012,22528_PRCH,22528,I,1,100,0
01196ZZ   ,24/9/2012,1,5,M,1,100,0
01196ZZ   ,6/10/2012,10,16,I,1,100,1000
01196ZZ   ,20/10/2012,323,9,I,1,100,350
01196ZZ   ,2/11/2012,2,9,I,1,100,0
01196ZZ   ,18/11/2012,1,5,I,2,100,275
01196ZZ   ,8/12/2012,3,8,I,1,100,0
01196ZZ   ,18/12/2012,22512_XFER,22512,I,2,100,0
01284UW   ,3/12/2012,274,5,I,8,100,276
01152SJ   ,5/10/2012,22527_PRCH,22527,I,1,"99,3357",0
00C017    ,19/10/2012,22508_STKE,22508,I,11,"97,2",0
00357DG   ,13/11/2012,612,0,I,16,96,"35,25"
01284UW   ,9/11/2012,46,5,I,10,92,"67,2"
00357DG   ,19/11/2012,638,0,I,45,90,"19,5"
01196ZZ   ,18/11/2012,3,8,I,1,90,0
01196ZZ   ,11/12/2012,1,5,I,3,90,0
01284UW   ,25/12/2012,46,5,I,3,88,"186,9"
01284UW   ,14/11/2012,36,5,I,11,"83,1",0
00357DG   ,17/11/2012,635,0,I,29,82,"32,3"
01152SJ   ,19/9/2012,22527_PRCH,22527,I,2,"80,0838",0
00J381    ,16/9/2012,46,5,M,1,80,0
00J381    ,28/9/2012,385,6,M,1,80,0
00J381    ,23/10/2012,275,5,M,1,80,0
00J381    ,4/11/2012,1,5,M,1,80,0
00357DG   ,26/10/2012,612,0,I,38,76,"26,25"
01284UW   ,30/11/2012,1,5,I,3,76,0
01284UW   ,9/11/2012,274,5,I,7,75,0
00357DG   ,14/11/2012,601,0,I,17,72,"20,5"
00J381    ,12/12/2012,2,9,M,1,"70,13",0
01284UW   ,26/12/2012,1,5,I,8,68,"19,61"
01284UW   ,22/12/2012,274,5,I,6,67,"125,63"
00357DG   ,20/11/2012,601,0,I,32,64,15
01284UW   ,2/12/2012,40,6,I,3,64,0
01152SJ   ,5/9/2012,22528_PRCH,22528,I,1,"62,9802",0
01152SJ   ,14/9/2012,22527_PRCH,22527,I,1,"62,1504",0
01152SJ   ,20/10/2012,22528_PRCH,22528,I,1,"62,004",0
01152SJ   ,28/9/2012,22528_PRCH,22528,I,1,"61,8276",0
00357DG   ,30/11/2012,638,0,I,30,60,"40,25"
00J381    ,25/9/2012,2,9,M,1,60,0
01196ZZ   ,25/9/2012,22528_PRCH,22528,I,1,60,0
01196ZZ   ,27/10/2012,1,5,I,2,60,0
01284UW   ,28/12/2012,274,5,I,10,"58,2","74,18"
01284UW   ,28/10/2012,46,5,I,8,58,0
01284UW   ,19/12/2012,274,5,I,3,55,"99,5"
01284UW   ,29/12/2012,1,5,I,14,"54,97","17,02"
00J381    ,21/10/2012,2,9,M,1,"50,19",0
00C017    ,22/9/2012,22527_PRCH,22527,I,1,50,0
00J381    ,4/10/2012,2,9,M,1,50,0
00J381    ,12/10/2012,36,5,M,2,50,0
00J381    ,4/11/2012,1,5,N,2,50,0
01196ZZ   ,13/10/2012,10,16,M,5,50,0
01196ZZ   ,24/11/2012,22528_PRCH,22528,I,1,50,0
01284UW   ,13/11/2012,1,5,I,6,50,0
01284UW   ,24/12/2012,1,5,I,5,50,0
00357DG   ,10/11/2012,22508_STKE,22508,I,27,"49,8",0
00775SM   ,25/9/2012,452,0,I,24,"49,25","27,75"
00357DG   ,14/11/2012,638,0,I,24,48,"9,25"
01284UW   ,25/12/2012,273,3,I,2,46,0
01284UW   ,27/11/2012,46,5,I,8,41,0
01284UW   ,6/12/2012,46,5,I,6,"40,3","95,7"
01196ZZ   ,23/9/2012,2,9,M,1,40,0
01196ZZ   ,23/9/2012,22528_PRCH,22528,I,1,40,0
01196ZZ   ,23/10/2012,1,5,I,5,40,0
01196ZZ   ,10/11/2012,1,5,I,2,40,0
01196ZZ   ,26/11/2012,22528_PRCH,22528,I,2,40,0
01196ZZ   ,13/12/2012,3,8,I,1,40,0
01284UW   ,27/11/2012,1,5,I,7,"39,51",0
01284UW   ,3/12/2012,1,5,I,4,"39,3",0
00775SM   ,13/10/2012,22512_XFER,22512,I,20,39,9
01284UW   ,3/12/2012,36,5,I,6,38,90
01284UW   ,19/12/2012,1,5,I,3,38,"16,21"
01284UW   ,8/12/2012,1,5,I,7,37,0
00775SM   ,29/9/2012,452,0,I,25,"36,5",33
00775SM   ,18/9/2012,452,0,I,16,"34,75","2,25"
01284UW   ,16/11/2012,46,5,I,6,"34,5",0
01152SJ   ,3/10/2012,22527_PRCH,22527,I,1,"30,9828",0
00775SM   ,23/9/2012,22512_XFER,22512,I,9,"30,77","15,47"
01284UW   ,29/10/2012,46,5,I,2,30,1035
01284UW   ,20/12/2012,274,5,I,3,25,"13,15"
00775SM   ,17/9/2012,22512_XFER,22512,I,15,"24,6","4,75"
00357DG   ,15/11/2012,638,0,I,12,24,3
00775SM   ,20/9/2012,22512_XFER,22512,I,12,24,"4,4"
01284UW   ,6/12/2012,36,5,I,3,24,0
01284UW   ,8/12/2012,274,5,I,4,"20,6",0
00357DG   ,17/11/2012,22528_PRCH,22528,I,1,20,0
00775SM   ,30/9/2012,22528_PRCH,22528,I,1,20,0
01196ZZ   ,23/10/2012,275,5,I,2,20,0
01196ZZ   ,28/11/2012,1,5,I,1,20,0
01284UW   ,30/11/2012,36,5,I,2,20,0
01284UW   ,19/12/2012,46,5,I,1,20,60
01284UW   ,10/12/2012,46,5,I,4,19,0
00497XG   ,3/9/2012,453,0,I,32,"18,6","9,35"
00775SM   ,20/9/2012,2,9,I,2,18,0
01284UW   ,5/11/2012,46,5,I,3,18,0
01284UW   ,13/11/2012,36,5,I,1,18,0
01284UW   ,28/12/2012,1,5,I,3,"13,85",0
01152SJ   ,26/11/2012,22528_PRCH,22528,I,1,"13,1013",0
00775SM   ,20/9/2012,452,0,I,7,"12,8","1,9"
01152SJ   ,23/9/2012,22527_PRCH,22527,I,1,"12,3084",0
01284UW   ,27/12/2012,274,5,I,4,"10,7","3,2"
00775SM   ,15/9/2012,2,9,I,1,10,0
00775SM   ,16/9/2012,2,9,I,1,10,0
00775SM   ,23/9/2012,2,9,I,2,10,"15,38"
01196ZZ   ,10/11/2012,46,5,I,1,10,0
01196ZZ   ,18/11/2012,46,5,I,1,10,0
01196ZZ   ,24/11/2012,1,5,I,1,10,0
01284UW   ,27/10/2012,1,5,I,1,10,0
01284UW   ,6/12/2012,274,5,I,2,10,0
01284UW   ,22/12/2012,36,5,I,2,8,0
00775SM   ,17/9/2012,2,9,I,1,6,9
01284UW   ,9/12/2012,1,5,I,1,6,0
00775SM   ,2/10/2012,452,0,I,3,"5,25",0
00775SM   ,20/9/2012,38,9,I,5,5,0
00775SM   ,7/10/2012,2,9,I,1,5,26
01284UW   ,16/11/2012,274,5,I,1,5,0
01284UW   ,4/12/2012,36,5,I,1,5,0
00497XG   ,3/9/2012,452,0,I,19,"4,7","2,4"
01284UW   ,9/12/2012,46,5,I,2,"4,5",0
00775SM   ,17/9/2012,38,9,I,4,4,"23,4"
00775SM   ,19/9/2012,38,9,I,3,3,"16,9"
00775SM   ,20/10/2012,22508_STKE,22508,I,2,"2,9",0
00775SM   ,19/9/2012,453,0,I,1,2,0
00497XG   ,4/10/2012,452,0,I,14,"1,36","0,2"
00775SM   ,23/9/2012,452,0,I,1,"0,25",0
00775SM   ,25/11/2012,635,0,I,13,"0,13",0
00357DG   ,19/9/2012,BONS_VEGA,0,I,0,0,"7,49"
00357DG   ,12/10/2012,22522_SALE,22522,I,0,0,25
00357DG   ,24/10/2012,BONS_VEGA,0,I,0,0,50
00357DG   ,30/10/2012,BONS_GAM,0,I,0,0,"4,98"
00357DG   ,31/10/2012,BONS_VEGA,0,I,0,0,"38,01"
00357DG   ,2/11/2012,22522_SALE,22522,I,0,0,25
00357DG   ,6/11/2012,22522_SALE,22522,I,0,0,20
00357DG   ,7/11/2012,BONS_VEGA,0,I,0,0,"41,32"
00357DG   ,9/11/2012,22522_SALE,22522,I,0,0,20
00357DG   ,10/11/2012,22508_RTNS,22508,I,0,0,"6,85"
00357DG   ,10/11/2012,22522_SALE,22522,I,0,0,25
00357DG   ,11/11/2012,BONS_VEGA,0,I,0,0,70
00357DG   ,12/11/2012,BONS_GAM,0,I,0,0,"15,3"
00357DG   ,14/11/2012,BONS_VEGA,0,I,0,0,"444,14"
00357DG   ,14/11/2012,22522_SALE,22522,I,0,0,20
00357DG   ,15/11/2012,BONS_VEGA,0,I,0,0,200
00357DG   ,15/11/2012,22522_SALE,22522,I,0,0,45
00357DG   ,19/11/2012,BONS_GAM,0,I,0,0,50
00357DG   ,20/11/2012,22522_SALE,22522,I,0,0,50
00357DG   ,21/11/2012,BONS_VEGA,0,I,0,0,"1058,09"
00357DG   ,23/11/2012,BONS_VEGA,0,I,0,0,100
00357DG   ,24/11/2012,22522_SALE,22522,I,0,0,75
00357DG   ,26/11/2012,BONS_GAM,0,I,0,0,"55,21"
00357DG   ,27/11/2012,BONS_VEGA,0,I,0,0,350
00357DG   ,28/11/2012,22522_SALE,22522,I,0,0,100
00357DG   ,28/11/2012,BONS_VEGA,0,I,0,0,"930,8"
00357DG   ,29/11/2012,BONS_VEGA,0,I,0,0,250
00357DG   ,1/12/2012,BONS_VEGA,0,I,0,0,400
00357DG   ,3/12/2012,BONS_GAM,0,I,0,0,"27,02"
00357DG   ,5/12/2012,22522_SALE,22522,I,0,0,70
00357DG   ,5/12/2012,BONS_VEGA,0,I,0,0,"1036,53"
00357DG   ,10/12/2012,BONS_GAM,0,I,0,0,"11,14"
00357DG   ,12/12/2012,BONS_VEGA,0,I,0,0,"172,01"
00497XG   ,2/9/2012,434,0,I,0,0,"4,95"
00497XG   ,3/9/2012,BONS_GAM,0,I,0,0,"11,55"
00497XG   ,12/9/2012,BONS_GAM,0,I,0,0,"1,16"
00497XG   ,24/12/2012,579,0,I,0,0,922
00497XG   ,24/12/2012,616,0,I,0,0,"42,5"
00497XG   ,25/12/2012,,0,I,0,0,194
00497XG   ,25/12/2012,579,0,I,0,0,"328,05"
00497XG   ,26/12/2012,579,0,I,0,0,"447,9"
00497XG   ,26/12/2012,616,0,I,0,0,20
00497XG   ,27/12/2012,,0,I,0,0,"83,9"
00497XG   ,27/12/2012,579,0,I,0,0,"242,5"
00497XG   ,30/12/2012,579,0,I,0,0,221
00497XG   ,31/12/2012,579,0,I,0,0,198
00775SM   ,19/9/2012,BONS_VEGA,0,I,0,0,"1,99"
00775SM   ,24/9/2012,BONS_GAM,0,I,0,0,"1,32"
00775SM   ,26/9/2012,BONS_VEGA,0,I,0,0,"3,49"
00775SM   ,30/9/2012,22508_RTNS,22508,I,0,0,346
00775SM   ,1/10/2012,BONS_GAM,0,I,0,0,"2,5"
00775SM   ,7/10/2012,22508_RTNS,22508,I,0,0,526
00775SM   ,17/10/2012,BONS_VEGA,0,I,0,0,3
00C017    ,7/9/2012,22527_SALE,22527,I,0,0,200
00C017    ,10/9/2012,22508_RTNS,22508,I,0,0,"524,43"
00C017    ,10/9/2012,22527_SALE,22527,I,0,0,900
00C017    ,28/9/2012,22508_RTNS,22508,I,0,0,"255,66"
00C017    ,28/9/2012,22527_SALE,22527,I,0,0,400
00C017    ,29/9/2012,22527_SALE,22527,I,0,0,100
00C017    ,11/10/2012,22527_SALE,22527,I,0,0,250
00C017    ,19/10/2012,22527_SALE,22527,I,0,0,100
00C017    ,19/10/2012,22508_RTNS,22508,I,0,0,0
00C017    ,26/10/2012,22527_SALE,22527,I,0,0,200
00C017    ,12/11/2012,22527_SALE,22527,I,0,0,1500
00C017    ,18/11/2012,22527_SALE,22527,I,0,0,4000
00C017    ,24/11/2012,22527_SALE,22527,I,0,0,200
00C017    ,25/11/2012,22527_SALE,22527,I,0,0,500
00C017    ,30/11/2012,22527_SALE,22527,I,0,0,1000
00C017    ,1/12/2012,22527_SALE,22527,I,0,0,1000
00C017    ,2/12/2012,22508_RTNS,22508,I,0,0,233
00C017    ,14/12/2012,22527_SALE,22527,I,0,0,500
00C017    ,21/12/2012,22527_SALE,22527,I,0,0,500
00C017    ,29/12/2012,22508_RTNS,22508,I,0,0,34
00C017    ,29/12/2012,22527_SALE,22527,I,0,0,600
00J381    ,11/9/2012,45,17,M,0,0,"460,89"
00J381    ,23/9/2012,5,11,M,0,0,1194
00J381    ,30/9/2012,385,6,M,0,0,280
00J381    ,8/10/2012,40,6,M,0,0,"511,31"
00J381    ,8/11/2012,2,9,M,1,0,0
00J381    ,25/11/2012,40,6,M,0,0,"474,31"
00J381    ,9/12/2012,42,4,M,0,0,610
01148BP   ,17/10/2012,GWIL_SPRT,0,I,0,0,800
01148BP   ,20/11/2012,BETC_RET,0,I,0,0,500
01148BP   ,9/12/2012,BONS_SPRB,0,I,0,0,100
01152SJ   ,1/9/2012,22527_SALE,22527,I,0,0,"884,788"
01152SJ   ,1/9/2012,22528_SALE,22528,I,0,0,"631,9914"
01152SJ   ,4/9/2012,22527_SALE,22527,I,0,0,"509,8954"
01152SJ   ,4/9/2012,22528_SALE,22528,I,0,0,"630,2786"
01152SJ   ,6/9/2012,22527_SALE,22527,I,0,0,"586,717"
01152SJ   ,8/9/2012,22527_SALE,22527,I,0,0,"1508,2825"
01152SJ   ,8/9/2012,22528_SALE,22528,I,0,0,"565,6067"
01152SJ   ,9/9/2012,22527_SALE,22527,I,0,0,"1628,6644"
01152SJ   ,9/9/2012,22528_SALE,22528,I,0,0,"1002,2551"
01152SJ   ,14/9/2012,22527_SALE,22527,I,0,0,"374,4562"
01152SJ   ,15/9/2012,22528_SALE,22528,I,0,0,"124,0926"
01152SJ   ,19/9/2012,22527_SALE,22527,I,0,0,"123,2058"
01152SJ   ,23/9/2012,22528_SALE,22528,I,0,0,"12,3084"
01152SJ   ,26/9/2012,22527_SALE,22527,I,0,0,"645,7383"
01152SJ   ,26/9/2012,22528_SALE,22528,I,0,0,"214,0126"
01152SJ   ,1/10/2012,22528_SALE,22528,I,0,0,"620,0903"
01152SJ   ,4/10/2012,22528_SALE,22528,I,0,0,"920,4088"
01152SJ   ,4/10/2012,22527_SALE,22527,I,0,0,"864,3543"
01152SJ   ,11/10/2012,22527_SALE,22527,I,0,0,"374,5318"
01152SJ   ,13/10/2012,22527_SALE,22527,I,0,0,"1060,9748"
01152SJ   ,13/10/2012,22528_SALE,22528,I,0,0,"400,0499"
01152SJ   ,14/10/2012,22527_SALE,22527,I,0,0,"2365,0121"
01152SJ   ,14/10/2012,22528_SALE,22528,I,0,0,"949,7415"
01152SJ   ,15/10/2012,22528_SALE,22528,I,0,0,"1557,7677"
01152SJ   ,15/10/2012,22527_SALE,22527,I,0,0,"2115,3487"
01152SJ   ,16/10/2012,22527_SALE,22527,I,0,0,"2239,781"
01152SJ   ,16/10/2012,22528_SALE,22528,I,0,0,"2177,5649"
01152SJ   ,17/10/2012,22527_SALE,22527,I,0,0,"4110,1009"
01152SJ   ,17/10/2012,22528_SALE,22528,I,0,0,"1743,6792"
01152SJ   ,18/10/2012,22527_SALE,22527,I,0,0,"1120,6735"
01152SJ   ,18/10/2012,22528_SALE,22528,I,0,0,"961,2875"
01152SJ   ,19/10/2012,22527_SALE,22527,I,0,0,"171,9011"
01152SJ   ,20/10/2012,22528_SALE,22528,I,0,0,"930,9276"
01152SJ   ,25/10/2012,22527_SALE,22527,I,0,0,"1188,54"
01152SJ   ,25/10/2012,22528_SALE,22528,I,0,0,"3502,2833"
01152SJ   ,27/10/2012,22527_SALE,22527,I,0,0,"623,6014"
01152SJ   ,30/10/2012,22527_SALE,22527,I,0,0,"215,4744"
01152SJ   ,30/10/2012,22528_SALE,22528,I,0,0,"125,4347"
01152SJ   ,4/11/2012,22527_SALE,22527,I,0,0,"186,544"
01152SJ   ,4/11/2012,22528_SALE,22528,I,0,0,"621,8132"
01152SJ   ,5/11/2012,22527_SALE,22527,I,0,0,"1060,8424"
01152SJ   ,28/11/2012,22527_SALE,22527,I,0,0,"624,1808"
01152SJ   ,28/11/2012,22528_SALE,22528,I,0,0,"561,7627"
01152SJ   ,30/11/2012,22528_SALE,22528,I,0,0,"1562,0119"
01152SJ   ,1/12/2012,22527_SALE,22527,I,0,0,"5451,3013"
01152SJ   ,1/12/2012,22528_SALE,22528,I,0,0,"3370,3864"
01152SJ   ,2/12/2012,22528_SALE,22528,I,0,0,"1436,9968"
01152SJ   ,3/12/2012,22528_SALE,22528,I,0,0,"3622,2833"
01152SJ   ,3/12/2012,22527_SALE,22527,I,0,0,"3622,2833"
01152SJ   ,4/12/2012,22527_SALE,22527,I,0,0,"905,5709"
01152SJ   ,4/12/2012,22528_SALE,22528,I,0,0,"103,0477"
01152SJ   ,6/12/2012,22527_SALE,22527,I,0,0,"756,3808"
01152SJ   ,6/12/2012,22528_SALE,22528,I,0,0,"400,5465"
01152SJ   ,7/12/2012,22527_SALE,22527,I,0,0,"1181,1464"
01152SJ   ,7/12/2012,22528_SALE,22528,I,0,0,"870,0242"
01152SJ   ,8/12/2012,22528_SALE,22528,I,0,0,"1309,9826"
01152SJ   ,9/12/2012,22527_SALE,22527,I,0,0,"1870,4408"
01152SJ   ,9/12/2012,22528_SALE,22528,I,0,0,"1644,7409"
01152SJ   ,10/12/2012,22527_SALE,22527,I,0,0,"1355,7315"
01152SJ   ,11/12/2012,22528_SALE,22528,I,0,0,"313,2207"
01152SJ   ,12/12/2012,22527_SALE,22527,I,0,0,"1059,388"
01152SJ   ,17/12/2012,22528_SALE,22528,I,0,0,"135,7116"
01152SJ   ,18/12/2012,22527_SALE,22527,I,0,0,"279,4609"
01152SJ   ,18/12/2012,22528_SALE,22528,I,0,0,"137,5665"
01152SJ   ,26/12/2012,22527_SALE,22527,I,0,0,"456,6832"
01152SJ   ,26/12/2012,22528_SALE,22528,I,0,0,"493,5025"
01152SJ   ,27/12/2012,22527_SALE,22527,I,0,0,"1859,4459"
01152SJ   ,27/12/2012,22528_SALE,22528,I,0,0,"806,0617"
01196ZZ   ,24/9/2012,22522_SALE,22522,I,0,0,25
01196ZZ   ,20/10/2012,22528_SALE,22528,I,0,0,190
01196ZZ   ,23/10/2012,22522_SALE,22522,I,0,0,25
01196ZZ   ,24/11/2012,22522_SALE,22522,I,0,0,45
01196ZZ   ,28/11/2012,22528_SALE,22528,I,0,0,375
01196ZZ   ,8/12/2012,22522_SALE,22522,I,0,0,25
01196ZZ   ,15/12/2012,22522_SALE,22522,I,0,0,25
01196ZZ   ,19/12/2012,22522_SALE,22522,I,0,0,20
01284UW   ,15/10/2012,274,5,I,0,0,"10003,5"
01284UW   ,5/11/2012,424,17,I,1,0,0
01284UW   ,21/12/2012,46,5,I,0,0,"103,71"
01148BP   ,4/10/2012,2,9,I,2,-300,0